frame_id,timestamp,tracking_cost,tracking_cost_per_point,valid_projected_points,valid_projected_ratio,residual_mean,residual_median,residual_p95,inlier_ratio,relative_translation_m,relative_rotation_deg,affine_gain,affine_bias,brightness_mode,depth_filter,lk_inliers,lk_photometric_translation_delta_m,lk_photometric_rotation_delta_deg,tracking_failure,fallback_used,fallback_reason,failure_reason,keyframe_inserted,consecutive_failures,reinitializations,active_window_keyframes,active_inverse_depth_points,active_points_culled,residual_p95_gate_rejections,cost_jump_rejections,lk_consistency_rejections,loop_candidates,loop_verified,loop_corrections_applied,ba_runs,ba_accepted,ba_rejected
0,0.0,,,0,0.0,,,,,,,1.0,0.0,affine,left_right_consistency,0,,,False,False,,,True,0,0,1,600,0,0,0,0,0,0,0,0,0,0
1,0.1037359,115818.99393379285,169.57392962487972,683,0.8623737373737373,15.623347279567628,6.873957845623963,58.967509595949394,0.8096632503660323,0.6769003319768964,0.27849389291978754,0.9520299864105224,4.376163974976687,affine,left_right_consistency,490,0.020231151530794692,0.012052187733709857,False,False,,,False,0,0,1,600,0,0,0,0,0,0,0,0,0,0
2,0.2073381,141484.22510909924,213.07865227273982,664,0.8383838383838383,20.091918542979702,10.283825896649759,73.63901645629015,0.7560240963855421,1.3744658044238443,0.48903536460218183,0.902634235298097,7.10832483422244,affine,left_right_consistency,389,0.02942464256588653,0.024370137635214187,False,False,,,False,0,0,1,600,0,0,0,0,0,0,0,0,0,0
3,0.3110752,194103.2582411499,332.9386933810461,583,0.7361111111111112,27.28745020766469,15.776974083261848,99.6350600482026,0.6432246998284734,2.0902482397138065,0.7291002798525175,0.8586530013695565,13.443394905135495,affine,left_right_consistency,300,0.06302256597043819,0.0308623815155989,False,False,,,False,0,0,1,600,0,0,0,0,0,0,0,0,0,0
4,0.4146917,222346.0381860953,421.90899086545596,527,0.6654040404040404,31.58202313336448,17.54483382237912,100.16796764293288,0.5787476280834914,2.834828507908006,1.0371109073004723,0.8413564387437865,13.866254811856535,affine,left_right_consistency,232,0.10723235957223075,0.0901347925513157,False,False,,,True,0,0,2,1187,13,0,0,0,0,0,0,1,1,0
5,0.5184302,110558.85535453344,152.70560131841637,724,0.9141414141414141,20.363242334631018,8.813786531347489,94.11070839080804,0.7955801104972375,0.7473127130656039,0.2755236707637055,0.9567044491471353,4.326356791774357,affine,left_right_consistency,432,0.01992943148112264,0.015796360252245942,False,False,,,False,0,0,2,1187,13,0,0,0,0,0,0,1,1,0
6,0.6220448,169664.1472660174,275.8766622211665,615,0.7765151515151515,24.03959739907547,13.434033763893495,86.14532044695899,0.7203252032520325,1.5023105654583682,0.5419787395811273,0.8890514683559878,15.72121870205703,affine,left_right_consistency,371,0.03573286576156464,0.049118401257684186,False,False,,,False,0,0,2,1187,13,0,0,0,0,0,0,1,1,0
7,0.7257977,205669.08687923802,376.68330930263375,546,0.6893939393939394,27.834772821435575,17.02970344771876,93.45036141659861,0.6318681318681318,2.2821536257465502,0.8727987543717884,0.8368129888292771,24.05479044789089,affine,left_right_consistency,281,0.030168377544531003,0.06868583227089371,False,False,,,True,0,0,3,1787,13,0,0,0,0,0,0,1,1,0
8,0.8294199,110257.83623514044,160.49175580078665,687,0.8875968992248062,17.421061150132928,8.345724430555322,67.2082411460529,0.8049490538573508,0.7946367170812142,0.276374622240052,0.9788773935902536,4.731989065040664,affine,left_right_consistency,507,0.011751823235045025,0.02058058824607846,False,False,,,False,0,0,3,1787,13,0,0,0,0,0,0,1,1,0
9,0.9331467,168829.84307315288,285.6680931863839,591,0.7635658914728682,24.244376327691032,13.911093174672644,94.37059687446839,0.7360406091370558,1.5889233556916207,0.5843145573949329,0.9101153211485428,14.50089222089858,affine,left_right_consistency,379,0.009400619540727467,0.009368274099232587,False,False,,,True,0,0,4,2345,55,0,0,0,0,0,0,2,2,0
10,1.03691,136306.41432495555,208.10139591596268,655,0.827020202020202,18.466546432630008,9.20039854775709,73.29744263675111,0.7709923664122137,0.8189907883146191,0.27487749114266075,0.9860213129927239,5.489198538038062,affine,left_right_consistency,487,0.011663858963985661,0.03390723924045932,False,False,,,False,0,0,4,2345,55,0,0,0,0,0,0,2,2,0
11,1.140497,181293.95629341513,302.15659382235856,600,0.7575757575757576,27.324279188370934,13.25174854454626,111.15399861848452,0.6783333333333333,1.6358836461605786,0.4050344732392999,0.9704171860620133,8.977034375886673,affine,left_right_consistency,373,0.007943748756576819,0.015565578394652833,False,False,,,False,0,0,4,2345,55,0,0,0,0,0,0,2,2,0
12,1.244242,224989.5680120564,422.9127218271737,532,0.6717171717171717,34.75434085506524,19.18906160536958,120.80905964673906,0.575187969924812,2.4725732024387814,0.7148195536367999,0.924018410861146,18.626762918210176,affine,left_right_consistency,296,0.052813237221713404,0.1472996932938692,False,False,,,True,0,0,5,2945,55,0,0,0,0,0,0,2,2,0
13,1.347979,97148.30245536687,138.1910418995261,703,0.9082687338501292,16.142457631754557,6.987271090378584,70.65716439187564,0.8364153627311522,0.8381212704482199,0.21873436500025226,0.9484172290959624,5.329205501548749,affine,left_right_consistency,490,0.0017418466573777256,0.030548276887607778,False,False,,,False,0,0,5,2945,55,0,0,0,0,0,0,2,2,0
14,1.451596,160192.21810239105,260.0523021142712,616,0.7958656330749354,24.715505960641806,12.235439113523874,93.5411530364509,0.6964285714285714,1.6860198431107907,0.3139894705219051,0.9335251805503664,8.39211598443202,affine,left_right_consistency,376,0.018218465507663022,0.017999182378225165,False,False,,,False,0,0,5,2945,55,0,0,0,0,0,0,2,2,0
15,1.555212,210303.9281288018,451.2959831090168,466,0.6020671834625323,25.80413323926837,12.917255758733525,90.98418165854096,0.6866952789699571,2.5480719709833433,0.4001827698911845,0.9188815648245531,9.486520226294251,affine,left_right_consistency,300,0.0361609624906089,0.09863500173440841,False,False,,,True,0,0,5,2929,106,0,0,0,0,0,0,3,3,0
16,1.65896,73412.84632348502,102.9633188267672,713,0.9211886304909561,10.407445065067282,5.8290508084387795,39.6188477898537,0.8962131837307152,0.8652928442715537,0.22736197202079364,0.9787616736319111,3.416296344520544,affine,left_right_consistency,547,0.016368397187788,0.012373733850403435,False,False,,,False,0,0,5,2929,106,0,0,0,0,0,0,3,3,0
17,1.762569,154251.43118237486,258.81112614492423,596,0.7700258397932817,18.70611022954676,10.2795492366653,66.13005547975712,0.7533557046979866,1.741573432854868,0.41150647443464944,0.936553999790599,6.867618574440523,affine,left_right_consistency,424,0.038036013626805074,0.06999565664618057,False,False,,,False,0,0,5,2929,106,0,0,0,0,0,0,3,3,0
18,1.866302,179639.96254677704,318.51057189144865,564,0.7286821705426356,22.971154630549304,14.607939699751483,80.15536888828215,0.6932624113475178,2.6229918468648705,0.6676082398832213,0.8639584819908803,10.31261510939582,affine,left_right_consistency,283,0.0319999471970306,0.06934056778042852,False,False,,,True,0,0,5,2959,106,0,0,0,0,0,0,3,3,0
19,1.969923,73069.29705952885,95.64044117739378,764,0.9646464646464646,12.931745262217689,6.628009493831367,47.23134934593436,0.8573298429319371,0.8955608010568838,0.09427536210884752,0.9435428173738177,2.5412008741824352,affine,left_right_consistency,469,0.006815491685591419,0.009128588080510754,False,False,,,False,0,0,5,2959,106,0,0,0,0,0,0,3,3,0
20,2.073666,172797.1355411046,289.928079766954,596,0.7525252525252525,21.90818034828847,12.163390554685485,75.78725882816725,0.7181208053691275,1.802245310289445,0.2370622162686286,0.8996654785967614,4.95290198554831,affine,left_right_consistency,280,0.0450595668085198,0.02215244643714478,True,True,lk_pnp,cost_jump,True,1,0,5,2959,106,0,1,0,0,0,0,3,3,0
21,2.177281,121852.08838391709,173.08535281806405,704,0.8888888888888888,18.632564621466422,9.810077102098667,66.93424858903477,0.7826704545454546,0.90820094627172,0.14621721135873117,0.9491347332072554,4.824002496411899,affine,left_right_consistency,418,0.006937084890460693,0.02037086386384635,False,False,,,False,0,0,5,2959,106,0,1,0,0,0,0,3,3,0
22,2.281017,196117.33780763563,342.8624786846777,572,0.7222222222222222,28.23709398565595,15.506072851321782,107.53306813311777,0.6503496503496503,1.8234429777725956,0.20834105263930838,0.898066512188903,8.4621936218038,affine,left_right_consistency,233,0.02730254052668054,0.023045275052050868,False,False,,,True,0,0,5,2944,138,0,1,0,0,0,0,4,4,0
23,2.384639,134076.72792973008,197.1716587201913,680,0.8585858585858586,19.498732739810222,9.174471776616933,70.59152583907162,0.7352941176470589,0.9085629796138601,0.1352744858329356,0.9751794940652594,0.9189442744325145,affine,left_right_consistency,391,0.012845378379691436,0.03812263551299065,False,False,,,False,0,0,5,2944,138,0,1,0,0,0,0,4,4,0
24,2.48825,208623.74362868446,377.94156454471823,552,0.696969696969697,30.451526684764428,16.178330445782485,105.85324802155151,0.6159420289855072,1.8135889334430717,0.2592160695536343,0.8873807448208971,8.18363521214845,affine,left_right_consistency,292,0.014277708939225139,0.04458893505628329,False,False,,,True,0,0,5,2973,138,0,1,0,0,0,0,4,4,0
25,2.591988,103819.25650601462,140.86737653461955,737,0.9305555555555556,17.804422142016467,7.994973739439246,70.82048376401374,0.7951153324287653,0.9277920440173175,0.11378605650803612,0.9673692710950024,2.5562558244108495,affine,left_right_consistency,420,0.01712451832683012,0.017595913811103564,False,False,,,False,0,0,5,2973,138,0,1,0,0,0,0,4,4,0
26,2.695832,187277.33530456078,312.6499754667125,599,0.7563131313131313,27.73646168164177,15.965346720572853,109.90360388477959,0.6460767946577629,1.849104164710967,0.3084978609176711,0.9213875283748502,6.13104728712668,affine,left_right_consistency,237,0.11270787694712536,0.18169286192193354,False,False,,,True,0,0,5,2945,183,0,1,0,0,0,0,5,5,0
27,2.799367,97084.92803852305,130.6661211823998,743,0.9489144316730523,17.701678888836547,5.948821234394771,73.59987215355692,0.784656796769852,0.9389913410349082,0.228025313949255,0.9851978591628727,2.431503697419311,affine,left_right_consistency,408,0.03174570995171112,0.02226366897367024,False,False,,,False,0,0,5,2945,183,0,1,0,0,0,0,5,5,0
28,2.903084,183519.44294818607,322.5297767103446,569,0.7266922094508301,26.351386409129066,11.996428246731057,105.77601156340278,0.6695957820738138,1.8946431184474262,0.41505993236265615,0.9371629582276261,4.282049531098824,affine,left_right_consistency,316,0.058296102068093124,0.04358321518414537,False,False,,,True,0,0,5,2958,183,0,1,0,0,0,0,5,5,0
29,3.006768,96756.51286296433,132.72498335111706,729,0.9204545454545454,16.01174975139326,7.22767746291666,67.44724769305996,0.8175582990397805,0.9384518249384043,0.10733099143282859,1.0063758289229694,3.1798539047577465,affine,left_right_consistency,424,0.00579840139057814,0.025134771249891646,False,False,,,False,0,0,5,2958,183,0,1,0,0,0,0,5,5,0
30,3.110441,184435.8784559304,324.1403839295789,569,0.7184343434343434,25.085629351179747,12.24439163386802,97.59502061879354,0.6994727592267135,1.8799559590559738,0.22016837953157745,0.9897945779466711,4.500873543371071,affine,left_right_consistency,303,0.0248501417752587,0.04271839913788663,False,False,,,False,0,0,5,2958,183,0,1,0,0,0,0,5,5,0
31,3.214057,232662.3182542415,486.74125157791104,478,0.6035353535353535,32.04593282561589,18.83704114134953,110.5224633427278,0.5857740585774058,2.8291481153170372,0.5025526693491791,0.9145923839615746,11.220293394399434,affine,left_right_consistency,161,0.0748139135756853,0.14609807152046567,False,False,,,True,0,0,5,2979,183,0,1,0,0,0,0,6,5,1
32,3.317669,85902.92236120289,115.15137045737653,746,0.9419191919191919,13.936274136938206,5.95103951200327,54.03603193557113,0.8297587131367292,0.9518346587755282,0.1962630160851487,1.0087776846881824,3.383007078021809,affine,left_right_consistency,435,0.01671698029536047,0.05772169413370139,False,False,,,False,0,0,5,2979,183,0,1,0,0,0,0,6,5,1
33,3.421285,185105.81601896102,334.1260216948755,554,0.6994949494949495,22.93735252770347,11.087190197433628,93.98985454473372,0.7184115523465704,1.9234256364924247,0.2296943230626742,0.976741381590007,7.016225445892416,affine,left_right_consistency,261,0.033139219597627646,0.042038593593523216,False,False,,,False,0,0,5,2979,183,0,1,0,0,0,0,6,5,1
34,3.524925,223062.67480673938,459.9230408386379,485,0.6123737373737373,30.415845003168187,15.107517325974456,107.21107171327807,0.6494845360824743,2.8983432455115206,0.37236839691877327,0.982099951574688,6.242562443059238,affine,left_right_consistency,184,0.12932146344529744,0.07306563663868101,False,False,,,True,0,0,5,2989,183,0,1,0,0,0,0,6,5,1
35,3.628545,128348.81092624458,178.2622373975619,720,0.9090909090909091,22.02135065501475,10.287943181352912,93.92157656464511,0.725,0.986131829810892,0.3661846352490952,0.954229849311724,2.435510845326716,affine,left_right_consistency,435,0.009713722975488507,0.052079720409679744,False,False,,,False,0,0,5,2989,183,0,1,0,0,0,0,6,5,1
36,3.732256,204443.7599232364,362.48893603410704,564,0.7121212121212122,31.1717885857514,16.064053819951766,114.39792573222427,0.6134751773049646,1.9602273851755165,0.709862007194391,0.945047732699702,7.310444497973309,affine,left_right_consistency,204,0.22711137970593967,0.2395248714701808,False,False,,,False,0,0,5,2989,183,0,1,0,0,0,0,6,5,1
37,3.835871,241978.1067061196,528.3364775242786,458,0.5782828282828283,33.71136409041573,17.540834050645902,109.20860936752403,0.5786026200873362,2.918245380376708,0.7481054190673029,0.9169675273818035,12.257701475839724,affine,left_right_consistency,210,0.07586383180231628,0.01952623071439291,False,False,,,True,0,0,5,2963,220,0,1,0,0,0,0,7,6,1
38,3.939488,133534.6700694951,210.62250799604905,634,0.8005050505050505,15.784207012146457,8.291445234975393,51.85873659900748,0.805993690851735,0.9745310566935717,0.24806103917848407,0.9984978749418297,1.8084407242822647,affine,left_right_consistency,461,0.005168702050496468,0.02939401734696309,False,False,,,False,0,0,5,2963,220,0,1,0,0,0,0,7,6,1
39,4.043107,172472.12837990315,289.86912332756833,595,0.7512626262626263,22.782966820547315,10.80377270163001,84.06393030236117,0.692436974789916,1.9871049069731737,0.3663944960631851,0.9714766302375658,9.362575480690436,affine,left_right_consistency,338,0.060695452027134986,0.04266591690282801,False,False,,,True,0,0,5,2971,220,0,1,0,0,0,0,7,6,1
40,4.146888,101145.58057634956,140.2851325608177,721,0.9103535353535354,15.23710149523112,7.933584894189501,57.84885123385456,0.826629680998613,1.00447582253803,0.09462171755183334,0.9825574477792494,5.769948360083539,affine,left_right_consistency,410,0.01595480108756801,0.06692683518020213,False,False,,,False,0,0,5,2971,220,0,1,0,0,0,0,7,6,1
41,4.25046,179318.35930647148,311.31659601817967,576,0.7272727272727273,22.222224530382153,12.26581218232591,78.64425601739538,0.7135416666666666,2.000468651010293,0.34049907681516123,0.910919011293524,17.094045372621334,affine,left_right_consistency,334,0.04143240623957523,0.05468146794791315,False,False,,,True,0,0,5,2934,270,0,1,0,0,0,0,8,7,1
42,4.354202,126021.02954502698,199.7163701189017,631,0.8152454780361758,14.862457451066355,8.202776258685859,56.579548893533406,0.820919175911252,1.0088534989022082,0.10305162022951778,0.9848838236111662,7.825963101476424,affine,left_right_consistency,414,0.04356156347883066,0.021713890912634405,False,False,,,False,0,0,5,2934,270,0,1,0,0,0,0,8,7,1
43,4.45794,179423.4816476612,322.1247426349393,557,0.7196382428940569,24.839977334879418,11.767943129582761,92.91841022692913,0.703770197486535,2.034365485113045,0.2879691829345715,0.9817931241310928,10.712654645956317,affine,left_right_consistency,326,0.06459184710731591,0.16769294985219688,False,False,,,True,0,0,5,2958,270,0,1,0,0,0,0,8,7,1
44,4.561559,107024.57947200505,148.6452492666737,720,0.9090909090909091,18.42213974266467,7.75524394682445,75.50397730384248,0.8083333333333333,1.0166633797389946,0.18132087188917892,0.9824391099160087,2.024272416268686,affine,left_right_consistency,409,0.04397684725770676,0.0361698429235592,False,False,,,False,0,0,5,2958,270,0,1,0,0,0,0,8,7,1
45,4.665293,181322.64763290476,317.55279795605037,571,0.7209595959595959,24.161791127090176,12.000381399366617,89.08561462706685,0.7338003502626971,2.0323360864713713,0.43515577843812564,0.9483080197537299,10.4319622966308,affine,left_right_consistency,293,0.018033746558562515,0.023993923272081236,False,False,,,True,0,0,5,2944,316,0,1,0,0,0,0,9,8,1
46,4.768912,95996.04198293135,136.16459855734942,705,0.8901515151515151,13.847187616009673,6.184735579310512,50.4025257827979,0.849645390070922,1.0037805152013384,0.047223550991910467,1.0003980977205933,2.083181173844325,affine,left_right_consistency,456,0.022111463866134357,0.0177496051074096,False,False,,,False,0,0,5,2944,316,0,1,0,0,0,0,9,8,1
47,4.872532,180946.99702449443,313.057088277672,578,0.7297979797979798,25.138973273720378,12.579781479684954,101.5413844678948,0.7093425605536332,2.0016243494011863,0.18329138881857576,0.9700110678565972,6.927353281222719,affine,left_right_consistency,333,0.026585552148490177,0.07688286719639957,False,False,,,True,0,0,5,2958,316,0,1,0,0,0,0,9,8,1
48,4.976146,88270.92966356322,122.9400134590017,718,0.9077117572692794,12.02459627808458,6.560111757670704,43.89603682946639,0.8676880222841226,0.9888375587373361,0.18857358259894688,0.9853057345103052,3.8222396160755174,affine,left_right_consistency,498,0.005140504005513775,0.010210151721095833,False,False,,,False,0,0,5,2958,316,0,1,0,0,0,0,9,8,1
49,5.079909,175263.34643946672,312.9702614990477,560,0.7079646017699115,21.32079050709156,10.575676558463691,81.42162382119797,0.7607142857142857,1.982077241734869,0.17700075431734497,0.954745102080958,8.086962241677627,affine,left_right_consistency,344,0.011341241155513002,0.023233211780144376,False,False,,,False,0,0,5,2958,316,0,1,0,0,0,0,9,8,1
50,5.183503,208630.3023980292,416.42774929746344,501,0.6333754740834386,24.76662383995768,14.68304582429252,87.7082024512282,0.6846307385229541,2.9779444315242465,0.15266402272207524,0.9645632252250842,6.8463717310080066,affine,left_right_consistency,273,0.0347029207406106,0.071603747622952,False,False,,,True,0,0,5,2937,357,0,1,0,0,0,0,10,9,1
51,5.287117,126968.38997196137,177.8268767114305,714,0.9015151515151515,23.594534538116882,10.441625943973378,111.31761507962035,0.757703081232493,1.0058043748790473,0.12598884550865064,0.9081729247881807,5.479749877435622,affine,left_right_consistency,436,0.028276632930048715,0.07083067559367603,False,False,,,False,0,0,5,2937,357,0,1,0,0,0,0,10,9,1
52,5.390861,196179.1538190854,347.8353791118535,564,0.7121212121212122,31.256660747719362,13.55669825830078,134.2938171841363,0.6595744680851063,1.9733404484634425,0.25532762866750147,0.9161915131910077,6.046071611057376,affine,left_right_consistency,350,0.05980915412668451,0.07243482593398115,False,False,,,False,0,0,5,2937,357,0,1,0,0,0,0,10,9,1
53,5.494473,223599.53188869404,443.6498648585199,504,0.6363636363636364,29.25854365985889,18.178011169758932,100.47529112171063,0.6111111111111112,3.036670786586331,0.4353862605970901,0.7984361362792369,21.74148607358353,affine,left_right_consistency,280,0.03639067114773184,0.032802405487775084,False,False,,,True,0,0,5,2953,357,0,1,0,0,0,0,10,9,1
54,5.598233,98747.78339656381,140.66635811476326,702,0.8863636363636364,13.936105805998466,6.558033187915971,47.498193819037624,0.8575498575498576,0.9786851999971543,0.10447864757290565,1.000676871615964,0.14638977652463003,affine,left_right_consistency,470,0.012252875291652296,0.02408071782003641,False,False,,,False,0,0,5,2953,357,0,1,0,0,0,0,10,9,1
55,5.701829,169076.46212396983,291.51114159305143,580,0.7323232323232324,20.210714001167577,10.839328606871987,69.27405144162867,0.743103448275862,1.9569289182643945,0.1624359521805795,0.9725581503849653,5.562510490310408,affine,left_right_consistency,360,0.022518836150164635,0.06609516767436317,False,False,,,True,0,0,5,2981,357,0,1,0,0,0,0,11,9,2
56,5.805571,89346.36448024749,122.7285226377026,728,0.9191919191919192,13.338686539998557,6.9025381952803535,43.370916288436874,0.8461538461538461,0.9732572100730782,0.2250292004938916,0.9934471321497571,-0.324765334059841,affine,left_right_consistency,468,0.012588050015566347,0.04085596974705027,False,False,,,False,0,0,5,2981,357,0,1,0,0,0,0,11,9,2
57,5.909185,170838.80500416638,289.55729661723115,590,0.7449494949494949,21.700413455720554,11.94818632144279,85.30836253688831,0.7254237288135593,1.9391683158012754,0.3233559943357227,0.9547651591570709,2.8555224286307532,affine,left_right_consistency,278,0.028551142895539623,0.03780563468221694,False,False,,,True,0,0,5,2994,357,0,1,0,0,0,0,11,9,2
58,6.012921,89762.3039767535,120.48631406275636,745,0.9406565656565656,14.693847579520384,7.021084842217107,54.74049084731508,0.8214765100671141,0.9657220644966127,0.19012400338319155,0.9497121307393505,4.068117324563095,affine,left_right_consistency,444,0.008757744058531337,0.023950437842759523,False,False,,,False,0,0,5,2994,357,0,1,0,0,0,0,11,9,2
59,6.116541,166310.68407624195,277.64721882511174,599,0.7563131313131313,20.235239453087125,11.156120429826217,73.10549141153264,0.7312186978297162,1.9275321948730322,0.35724419123089346,0.8953338663617952,9.092476939975521,affine,left_right_consistency,329,0.034958184317310494,0.047846715898808664,False,False,,,True,0,0,5,2971,386,0,1,0,0,0,0,12,10,2
60,6.220278,106523.54217743358,155.05610215055836,687,0.8674242424242424,13.747390177292603,7.414646486140967,48.89434628470485,0.8355167394468704,0.951386246541243,0.13675998304627077,0.9740649397851229,2.4393369693953884,affine,left_right_consistency,462,0.005063324625170447,0.023317569628750378,False,False,,,False,0,0,5,2971,386,0,1,0,0,0,0,12,10,2
61,6.323895,170448.9695187377,299.03327985743454,570,0.7196969696969697,19.473372282121574,10.896507879403373,67.9167833797915,0.7649122807017544,1.921203603953837,0.4441701366363992,0.9651688633912059,4.872036083924742,affine,left_right_consistency,358,0.03146650142006693,0.029060713996185792,False,False,,,True,0,0,5,2983,386,0,1,0,0,0,0,12,10,2
62,6.427659,91233.53548581351,127.42113894666691,716,0.9040404040404041,13.649066475378104,6.868647383668446,49.51418096458003,0.8505586592178771,0.9491612472860868,0.29868668129753545,0.9752305591739523,6.030469593641013,affine,left_right_consistency,446,0.00918526719856281,0.024967357553600418,False,False,,,False,0,0,5,2983,386,0,1,0,0,0,0,12,10,2
63,6.531383,169405.28722107393,296.68176395984926,571,0.7209595959595959,18.769498246520747,10.812723403862861,61.87039914344233,0.7583187390542907,1.8892578700026836,0.42996536625572324,0.9626474070419619,9.880129993081388,affine,left_right_consistency,330,0.030183963180658163,0.07219604275148948,False,False,,,True,0,0,5,2965,413,0,1,0,0,0,0,13,11,2
64,6.634992,78007.60236735223,107.15329995515415,728,0.9191919191919192,11.304691807616335,5.559692969007074,46.05446304731367,0.8956043956043956,0.9399948325970219,0.2588882047436255,0.9872551077736007,0.711216380993355,affine,left_right_consistency,483,0.01212540045519865,0.021230560977290237,False,False,,,False,0,0,5,2965,413,0,1,0,0,0,0,13,11,2
65,6.738741,163189.4375844191,285.2962195531802,572,0.7222222222222222,17.20410772052553,8.879757621860303,60.78636693555124,0.7884615384615384,1.8633311972477733,0.7271601044843119,0.9537678241942774,2.0704272667828096,affine,left_right_consistency,350,0.07071731813796868,0.0703770929511212,False,False,,,True,0,0,5,2980,413,0,1,0,0,0,0,13,11,2
66,6.84235,93229.84975077663,127.53741415974915,731,0.922979797979798,14.265146279227226,5.325225510935553,55.87102986251887,0.8303693570451436,0.9208390666112705,0.31366398890856334,0.9939610074552789,1.0886794705087575,affine,left_right_consistency,456,0.011323936555211817,0.014635795739102602,False,False,,,False,0,0,5,2980,413,0,1,0,0,0,0,13,11,2
67,6.945963,158029.71118852345,264.7063839003743,597,0.7537878787878788,20.89177632576636,8.401553302744134,95.24919082744712,0.7638190954773869,1.8371378209418963,0.47730434289742085,0.99042555214409,2.5324294794978357,affine,left_right_consistency,274,0.05756525096000713,0.038367428130209325,False,False,,,False,0,0,5,2980,413,0,1,0,0,0,0,13,11,2
68,7.049705,205500.0563425865,411.82376020558416,499,0.6300505050505051,25.555138675972568,13.121825284484252,109.20773026447019,0.7014028056112225,2.7231800299728985,0.5763073862408863,0.9620619409626632,6.351525563482923,affine,left_right_consistency,196,0.15858363897362626,0.130498882007555,False,False,,,False,0,0,5,2980,413,0,1,0,0,0,0,13,11,2
69,7.153323,245748.64081492156,531.9234649673626,462,0.5833333333333334,35.869612773280224,20.30850456789645,117.2454450792153,0.538961038961039,3.3981551404536434,0.6970741470871376,0.8584849566321567,18.526404969001824,affine,left_right_consistency,171,0.0995650528092003,0.10966192886493989,False,False,,,False,0,0,5,2980,413,0,1,0,0,0,0,13,11,2
70,7.256934,286545.0647951002,746.2111062372401,384,0.48484848484848486,47.39120347469489,32.68547351510536,136.20465104856075,0.4166666666666667,4.4307543163162695,0.7618687157679546,0.8662890478306063,23.479849967565322,affine,left_right_consistency,167,0.024311207787798456,0.032270580631525644,False,False,,,False,0,0,5,2980,413,0,1,0,0,0,0,13,11,2
71,7.360549,269013.7512859652,856.7316919935198,314,0.39646464646464646,54.9646685026901,37.7607142298835,151.62730503616655,0.3471337579617834,5.1369881670864315,0.8817139260617339,1.0056224413556445,9.873615008845063e-05,affine,left_right_consistency,172,0.021982185834444563,0.05739234801735479,True,True,constant_velocity,photometric_optimization_failed,True,1,0,5,2980,413,0,1,0,0,0,0,13,11,2
72,7.464167,119117.34521104961,179.3935921853157,664,0.8383838383838383,15.746557831079201,7.010556809576602,67.53625022105716,0.8298192771084337,0.8365816680394043,0.10689799313931345,0.9760917978818779,4.2461204230211065,affine,left_right_consistency,439,0.009400034001148463,0.016681835682614908,False,False,,,False,0,0,5,2980,413,0,1,0,0,0,0,13,11,2
73,7.567786,208804.86343477896,364.4063934289336,573,0.7234848484848485,28.385527455299144,19.513545309117653,84.94433138365031,0.5863874345549738,1.5806082356932714,0.34763978800861917,0.8866429595806155,18.31555872658556,affine,left_right_consistency,328,0.16954857859834865,0.1822429946291978,False,False,,,False,0,0,5,2980,413,0,1,0,0,0,0,13,11,2
74,7.671396,220051.15174633247,445.4476755998633,494,0.6237373737373737,26.24546917407759,16.755611701106233,80.8209343916777,0.6578947368421053,2.4681243268301696,0.3223084722842209,0.9047605673742716,14.83664645836222,affine,left_right_consistency,291,0.06279732346150932,0.09033734705418929,False,False,,,False,0,0,5,2980,413,0,1,0,0,0,0,13,11,2
75,7.775144,185497.54110243922,405.9027157602609,457,0.577020202020202,31.175834055425984,23.73625128253132,88.8378161381686,0.5185995623632386,3.2500869861897654,0.457607942343808,0.9920651324795413,9.29404625140319,affine,left_right_consistency,253,0.04090953316993154,0.08247557018356884,True,True,lk_pnp,photometric_optimization_failed,True,1,0,5,2980,413,0,1,0,0,0,0,13,11,2
76,7.878754,117891.33218020898,165.81059378369758,711,0.8977272727272727,18.49722333525382,8.438235524963034,61.05102703128004,0.7538677918424754,0.795138476518738,0.25876973370145034,0.997583913430066,-0.10147312250324347,affine,left_right_consistency,446,0.005152270730919283,0.008557889916806885,False,False,,,False,0,0,5,2980,413,0,1,0,0,0,0,13,11,2
77,7.982493,162513.5350935292,249.6367666567269,651,0.821969696969697,24.340946615678902,13.016011745731078,79.56744044823174,0.6912442396313364,1.5642260067858234,0.461493679259246,0.9553300135858567,6.167705608346766,affine,left_right_consistency,365,0.02857221990561773,0.05976132576592802,False,False,,,True,0,0,5,2994,413,0,1,0,0,0,0,14,11,3
78,8.086111,97238.52877587575,129.65137170116768,750,0.946969696969697,17.115244676067608,9.01350780463649,65.3891010421806,0.7986666666666666,0.7535912671092474,0.31560254300032314,0.9977135604843631,1.2197954285786305,affine,left_right_consistency,485,0.0021324804532625212,0.004933649935274867,False,False,,,False,0,0,5,2994,413,0,1,0,0,0,0,14,11,3
79,8.189849,179577.34714798653,287.7842101730553,624,0.7878787878787878,24.78207092876918,17.762032620454562,76.81425478085175,0.6522435897435898,1.4765590270721545,0.717042563135351,0.9708117936516915,9.027880666183194,affine,left_right_consistency,385,0.012876119857959577,0.01243667992734481,False,False,,,True,0,0,5,2997,413,0,1,0,0,0,0,14,11,3
80,8.29347,96241.20434439683,136.70625617101823,704,0.9299867899603699,16.39771804685126,9.018468544791745,52.8015074343139,0.8139204545454546,0.7173890274422552,0.35268274148358797,1.024478840846664,0.0956257751302787,affine,left_right_consistency,528,0.01333973621661651,0.005004684789917039,False,False,,,False,0,0,5,2997,413,0,1,0,0,0,0,14,11,3
81,8.397102,164833.72216331708,274.72287027219517,600,0.7926023778071334,24.768027356170013,15.737721312823332,86.08463861673884,0.6783333333333333,1.4199088962286461,0.43459966997142646,0.9697794663794624,9.605665895705071,affine,left_right_consistency,455,0.021551587486105916,0.0364643232997691,False,False,,,False,0,0,5,2997,413,0,1,0,0,0,0,14,11,3
82,8.500847,191595.53156522216,337.3160766993348,568,0.750330250990753,29.07482509899629,19.641013241521293,98.54557954737629,0.5915492957746479,2.1029547572531295,0.31022526401093414,0.870383067899799,24.8373830792028,affine,left_right_consistency,403,0.0424339798086986,0.04042164256881071,False,False,,,False,0,0,5,2997,413,0,1,0,0,0,0,14,11,3
83,8.604438,213965.78424335277,408.3316493193755,524,0.6922060766182299,32.75398546593729,21.967352527642426,103.29769049896392,0.5477099236641222,2.739954536136513,0.2976870048958135,0.8759202006200675,26.92636693980351,affine,left_right_consistency,366,0.021906340064764506,0.0480174482164022,False,False,,,True,0,0,5,3000,413,0,1,0,0,0,0,15,11,4
84,8.708175,80538.48941908531,114.89085509141984,701,0.9384203480589023,14.083115202286425,7.902855213721807,50.03585753205678,0.8673323823109843,0.6425283205512498,0.2562364396933465,0.9610519860516289,6.06181323324384,affine,left_right_consistency,533,0.012350276813088083,0.024239916909926412,False,False,,,False,0,0,5,3000,413,0,1,0,0,0,0,15,11,4
85,8.811795,129686.20285720569,207.830453296804,624,0.8353413654618473,20.043519342346332,10.51979705207549,65.95119875218091,0.7644230769230769,1.265804862436021,0.769151539013012,0.9660242737085518,7.946315025266614,affine,left_right_consistency,506,0.010386178011286393,0.03119790411782384,False,False,,,False,0,0,5,3000,413,0,1,0,0,0,0,15,11,4
86,8.915403,156867.74797710078,274.7246024117352,571,0.7643908969210174,19.07469868678196,12.198882545304997,55.3905935710623,0.7338003502626971,1.8743802721597465,1.1022623621497383,0.9513311589928465,11.008960675858368,affine,left_right_consistency,491,0.02744913241757103,0.07078865792001135,False,False,,,False,0,0,5,3000,413,0,1,0,0,0,0,15,11,4
87,9.019162,172521.5153823804,303.20125726253144,569,0.7617135207496654,23.127632291420433,15.739324401579523,69.61822866485028,0.6572934973637962,2.47425764696309,1.0402189316485873,0.9579600694725156,13.61271456364386,affine,left_right_consistency,451,0.042408810074043395,0.11046357867815187,False,False,,,True,0,0,5,3000,413,0,1,0,0,0,0,15,11,4
88,9.12289,62345.26699513484,85.05493450905163,733,0.9812583668005355,13.411312744468399,6.197258922717822,43.326763227566055,0.8758526603001364,0.578909584334575,0.39909419631834414,0.9838928025720433,3.2954864727943165,affine,left_right_consistency,549,0.008944067126264296,0.02583182348978564,False,False,,,False,0,0,5,3000,413,0,1,0,0,0,0,15,11,4
89,9.226512,103258.27575548501,146.88232682145807,703,0.9410977242302544,19.171840301516838,10.07453749131605,67.0433773251501,0.7596017069701281,1.1387596462335483,0.6458850140993707,0.9701956384753544,6.822028122829373,affine,left_right_consistency,536,0.013550948849169858,0.04677516328162193,False,False,,,False,0,0,5,3000,413,0,1,0,0,0,0,15,11,4
90,9.330247,136858.16890111254,212.51268462905674,644,0.8621151271753681,21.807181121039793,12.036166232298456,77.42366639345853,0.717391304347826,1.6839453287654313,1.0357781031553328,0.9167966712544979,12.122326578592265,affine,left_right_consistency,489,0.024959406739447253,0.08171042447509766,False,False,,,True,0,0,5,2982,431,0,1,0,0,0,0,16,12,4
91,9.433986,136801.53690898587,184.61745871658013,741,0.946360153256705,23.823290433908767,15.973271113531752,80.62157247475197,0.6734143049932524,0.5260613982903207,0.5872858271011213,1.010133471259917,0.011399455206752798,affine,left_right_consistency,528,0.03906338264241474,0.12284225852889678,False,False,,,False,0,0,5,2982,431,0,1,0,0,0,0,16,12,4
92,9.537749,113383.65046227712,159.47067575566402,711,0.9080459770114943,19.584120940889047,10.046452520902662,74.26380868116235,0.8016877637130801,1.0422153347488419,1.1116374637757613,0.9790701588829068,3.296650601343539,affine,left_right_consistency,495,0.011861833970551143,0.03370445772250834,False,False,,,True,0,0,5,2985,431,0,1,0,0,0,0,16,12,4
93,9.641587,74876.58522295015,99.70251028355545,751,0.9591315453384419,14.031363857588843,6.368267955459373,71.81722759051569,0.8575233022636485,0.5020198445137207,0.9199195657714987,1.0005098142019313,-0.1702240363329337,affine,left_right_consistency,517,0.006457265393150064,0.019445479611622758,False,False,,,False,0,0,5,2985,431,0,1,0,0,0,0,16,12,4
94,9.745342,106334.7845173158,150.402806955185,707,0.9029374201787995,17.22879682081189,8.195096559962934,67.08585083837013,0.809052333804809,0.9925735982493044,1.9939798251295489,0.9945276852992548,1.560194523665444,affine,left_right_consistency,450,0.014065380845983527,0.0356102569037043,False,False,,,True,0,0,5,2938,490,0,1,0,0,0,0,17,13,4
95,9.849229,59685.2490306632,77.41277435883684,771,0.9961240310077519,14.55243837512536,5.729990376300549,70.91018485915544,0.8664072632944229,0.4818591464937711,1.2700977098977038,0.997832869323434,-0.19684188944087405,affine,left_right_consistency,541,0.004638183055831276,0.0181760230641366,False,False,,,True,0,0,5,2956,490,0,1,0,0,0,0,17,13,4
96,9.953059,69738.75309509101,93.60906455716915,745,0.9600515463917526,13.357067511133913,6.275912760318718,44.90672879240702,0.8778523489932886,0.4673770697859928,1.5186383071543335,0.9773168546020663,0.6698636117249608,affine,left_right_consistency,547,0.005165683154993164,0.02558093543398283,False,False,,,True,0,0,5,2942,525,0,1,0,0,0,0,18,14,4
97,10.05693,54772.75066740692,71.59836688549925,765,0.9858247422680413,12.13589806222981,4.781432173866847,54.04888307819791,0.8967320261437909,0.4576638769942488,1.7009555190410932,0.9734617399114825,1.1245055805143949,affine,left_right_consistency,518,0.004314104532419753,0.016350458907106933,False,False,,,True,0,0,5,2967,525,0,1,0,0,0,0,18,14,4
98,10.16083,50274.70350626538,64.04420828823615,785,0.9911616161616161,9.855962534221534,5.771347293926446,33.05147570405646,0.9070063694267516,0.45222108971208164,1.898089829345971,0.97358821544013,-0.34514775692254773,affine,left_right_consistency,541,0.005429327536365851,0.014791206053994756,False,False,,,True,0,0,5,2978,525,0,1,0,0,0,0,19,14,5
99,10.26466,59283.74743182834,75.71359825265434,783,0.9987244897959183,11.645621538841683,5.7245616565412405,41.8150165847646,0.8646232439335888,0.45148893790871925,2.158928285402043,0.975141994910064,1.2282794277801135,affine,left_right_consistency,532,0.0029850413990773097,0.012712559745882094,False,False,,,True,0,0,5,2992,525,0,1,0,0,0,0,19,14,5
100,10.36867,62202.246661220284,82.6059052605847,753,0.984313725490196,12.251324333628403,6.2669940809528555,43.16256283142733,0.8592297476759628,0.4437094148785051,2.3990372986130866,0.9687311120835348,-1.3687074116775058,affine,left_right_consistency,482,0.004908109633305344,0.024391935884941113,False,False,,,True,0,0,5,3000,525,0,1,0,0,0,0,20,15,5
101,10.47264,64413.668139525114,87.51857084174608,736,0.9620915032679739,11.22989681676225,6.150801872573602,38.95800050926855,0.8777173913043478,0.43183672125318046,2.630876952887381,0.9361182342177904,2.4054415037989934,affine,left_right_consistency,450,0.005231058668537888,0.004017973618798732,False,False,,,True,0,0,5,3000,525,0,1,0,0,0,0,20,15,5
102,10.57663,76481.71854231709,103.3536737058339,740,0.9673202614379085,13.445888443522852,7.595815903994449,46.17261164978536,0.8418918918918918,0.41907648694450705,2.895776747080581,0.9611066864400974,2.1633264385195066,affine,left_right_consistency,493,0.007183626435561092,0.01478930510390264,False,False,,,True,0,0,5,2995,530,0,1,0,0,0,0,21,16,5
103,10.68062,63526.2384290146,84.58886608390759,751,0.9816993464052287,11.992783074702372,7.499838677209709,37.95906184020171,0.877496671105193,0.41249595941073186,3.1766055831824622,0.9751212902736449,1.7832500658168509,affine,left_right_consistency,491,0.01604912065229463,0.021381623614061544,False,False,,,True,0,0,5,2995,530,0,1,0,0,0,0,21,16,5
104,10.78461,73327.25318398651,95.85261854115883,765,0.9770114942528736,13.900952839111177,7.313950289185101,52.61193108942266,0.857516339869281,0.4102164929728401,3.4205096588000057,0.9715644901914963,0.31787764699262233,affine,left_right_consistency,490,0.00906975366458424,0.029918933373509864,False,False,,,True,0,0,5,2998,531,0,1,0,0,0,0,22,17,5
105,10.88875,68053.56023695739,87.02501309073836,782,0.9987228607918263,13.139734148380851,7.201657479056543,54.516896416166944,0.8554987212276215,0.3983975902818287,3.559175515104851,0.9853619952867874,1.5624794824194794,affine,left_right_consistency,460,0.005280080856601918,0.026684410493090394,False,False,,,True,0,0,5,2999,531,0,1,0,0,0,0,22,17,5
106,10.99272,54034.3688445289,68.48462464452332,789,0.9962121212121212,10.716835932269941,7.175995152690092,32.539078160148804,0.9112801013941698,0.39488208422683807,3.723240496928832,0.9881475962940334,-0.03377492332775846,affine,left_right_consistency,473,0.003793402050048551,0.014173159036126069,False,False,,,True,0,0,5,2995,536,0,1,0,0,0,0,23,18,5
107,11.09659,62651.36333368023,81.47121369789367,769,0.9821200510855683,11.51034224166307,8.483015317742485,32.392573558139745,0.8998699609882965,0.38928570687085895,3.8094227380959595,0.9583453800872103,-0.03777788139114602,affine,left_right_consistency,461,0.0033808452252804895,0.019879074638742365,False,False,,,True,0,0,5,2995,536,0,1,0,0,0,0,23,18,5
108,11.20057,74452.97035244312,96.56675791497163,771,0.9784263959390863,13.93197370609364,9.288354115678374,37.80771147710984,0.8690012970168612,0.3837934123906895,3.7883334509029507,0.9349042422368138,3.5975101395738798,affine,left_right_consistency,402,0.007930544475871024,0.046558771326221646,False,False,,,True,0,0,5,3000,536,0,1,0,0,0,0,24,18,6
109,11.30431,79027.54216392682,105.37005621856909,750,0.9920634920634921,15.147469173876438,9.261975777153452,46.23971347302523,0.8053333333333333,0.38841471743331263,3.770397989700385,0.9556835423490232,3.6319790587362064,affine,left_right_consistency,434,0.007776942752815756,0.03568509460398778,False,False,,,True,0,0,5,3000,536,0,1,0,0,0,0,24,18,6
110,11.40818,74542.93544188658,101.69568273108675,733,0.9812583668005355,14.17197938338395,9.12665354107412,42.64180471974266,0.8281036834924966,0.39012580631438704,3.7339792531230183,0.9261165289140766,4.1410811029573615,affine,left_right_consistency,485,0.0042938973362894916,0.025532433516685084,False,False,,,True,0,0,5,2998,538,0,1,0,0,0,0,25,19,6
111,11.51192,92501.35423795327,127.76430143363712,724,0.9692101740294511,16.087234790332055,11.101885420677803,44.41412012015673,0.7748618784530387,0.3848536856466869,3.660942919167837,0.9523034310668594,4.487328862832194,affine,left_right_consistency,451,0.004246064649687594,0.043115564979636326,False,False,,,True,0,0,5,2998,538,0,1,0,0,0,0,25,19,6
112,11.61553,,,723,0.9678714859437751,15.226238372698223,10.269123192586505,43.12452988179911,0.7786998616874136,0.3859430907155539,3.5825432081352613,1.0,0.0,affine,left_right_consistency,450,1.3877787807814457e-17,1.2074182697257333e-06,True,True,lk_pnp,photometric_optimization_failed,True,1,0,5,2998,538,0,1,0,0,0,0,25,19,6
113,11.71927,69473.33608390654,93.37813989772384,744,0.9841269841269841,12.931564905339382,8.508465754241158,38.50982691607388,0.8588709677419355,0.38027013294054335,3.4292683675012188,0.9869018312749007,1.9921074975883202,affine,left_right_consistency,467,0.004891932668270384,0.029678760114466164,False,False,,,True,0,0,5,2999,539,0,1,0,0,0,0,26,20,6
114,11.82277,77496.3079917459,103.19082289180545,751,0.9933862433862434,14.763437518143997,10.049408809881385,45.21822103166913,0.8322237017310253,0.3757660414333029,3.2673655967801074,0.9667635767811563,1.7821001497169937,affine,left_right_consistency,503,0.004016165881893596,0.013897471544079866,False,False,,,True,0,0,5,2999,539,0,1,0,0,0,0,26,20,6
115,11.92638,73403.10465862474,94.10654443413428,780,0.9961685823754789,13.96230346251747,9.357967677648805,39.32651169863934,0.8384615384615385,0.3757403578710472,3.1887656008711676,0.9880875687936296,-0.018382853122559162,affine,left_right_consistency,518,0.012841339469150424,0.017252326262164913,False,False,,,True,0,0,5,2998,541,0,1,0,0,0,0,27,21,6
116,12.03,76308.33340180536,97.33205791046602,784,0.9987261146496815,14.264204217038253,8.714717521060848,43.15919024700025,0.8163265306122449,0.3749823522707762,2.9693484131878236,0.9625442617163402,0.20137079781337833,affine,left_right_consistency,525,0.013217228759681532,0.023200770623663835,False,False,,,True,0,0,5,2998,541,0,1,0,0,0,0,27,21,6
117,12.13361,69370.94240023046,89.05127394124578,779,0.9873257287705957,12.64296317610103,7.622037650248018,41.01269716368776,0.8562259306803595,0.37444315864703986,2.714958720169187,0.9611487494623863,-0.037081297156070885,affine,left_right_consistency,525,0.021435345417764925,0.04017895040671419,False,False,,,True,0,0,5,2999,541,0,1,0,0,0,0,28,21,7
118,12.2371,68241.9411573324,88.28194198878707,773,0.9872286079182631,13.114416974597752,8.231662336069945,43.15326206207899,0.8641655886157826,0.3776120957525972,2.589932027361251,0.962470725722653,0.16060029335737538,affine,left_right_consistency,543,0.011954072261527761,0.022856145435597556,False,False,,,True,0,0,5,2999,541,0,1,0,0,0,0,28,21,7
119,12.3406,69460.37974611972,90.56112092062546,767,1.0,14.08493740780722,7.454958727146391,48.547359659322034,0.8396349413298566,0.37697563635054715,2.1710074133442196,0.9255462630968686,-0.8023781912666674,affine,left_right_consistency,562,0.005375677101594498,0.01759707125868784,False,False,,,True,0,0,5,2999,542,0,1,0,0,0,0,29,22,7
120,12.44411,87309.45337444422,113.68418408130758,768,0.9808429118773946,15.763416762548852,9.62231018031045,51.79499575473887,0.8059895833333334,0.38041750227399534,2.0152383700990835,0.9350933732973115,-0.8307616830058147,affine,left_right_consistency,544,0.011093600382062968,0.020491126228610483,False,False,,,True,0,0,5,2999,542,0,1,0,0,0,0,29,22,7
121,12.54767,96048.51134244987,131.57330320883543,730,0.9530026109660574,17.121437517478004,9.818199112811726,55.0395879613357,0.7958904109589041,0.38241434739599534,1.9909576255585084,0.9302557008150079,-1.81566307051017,affine,left_right_consistency,548,0.013944223817028454,0.016995177175663855,False,False,,,True,0,0,5,2991,550,0,1,0,0,0,0,30,23,7
122,12.65107,92050.53253080153,119.8574642328145,768,0.9808429118773946,16.499261095750665,10.520808370374507,51.39856146581347,0.7955729166666666,0.3924237019071719,1.7018614709576014,0.9806714876304877,0.7603957723029812,affine,left_right_consistency,542,0.00906131096658359,0.0177466134265354,False,False,,,True,0,0,5,2994,550,0,1,0,0,0,0,30,23,7
123,12.75469,115384.44062595406,156.9856335046994,735,0.9386973180076629,18.696374873930132,12.127129504589618,55.70007375780066,0.7496598639455783,0.3997553582356957,1.5181638345502486,0.9591836060104626,4.906544631726679,affine,left_right_consistency,531,0.008944974541899114,0.022683327739179915,False,False,,,True,0,0,5,2994,553,0,1,0,0,0,0,31,24,7
124,12.85806,108225.70464691785,142.77797446822936,758,0.9570707070707071,19.501574593595308,10.67828211046196,71.34207756420031,0.7598944591029023,0.41068431320806564,1.444622580241979,1.0009932955600864,-3.150206625527861,affine,left_right_consistency,549,0.003362594595502713,0.022713463748529304,False,False,,,True,0,0,5,2995,553,0,1,0,0,0,0,31,24,7
125,12.96167,120599.83931353322,163.19328729842113,739,0.9330808080808081,19.536515131099712,12.905107323757335,55.89964675744294,0.7456021650879567,0.42302185365828676,1.3220400388718285,0.9759117845568924,-0.3615986050105436,affine,left_right_consistency,522,0.01319219828418044,0.03494743009090956,False,False,,,True,0,0,5,2999,553,0,1,0,0,0,0,32,24,8
126,13.0652,105896.84388044798,141.7628432134511,747,0.9540229885057471,18.013548438160914,12.006831281177028,53.6509609508647,0.7697456492637216,0.426046218253026,1.2214491718123681,0.9080283949831471,8.788244172099734,affine,left_right_consistency,471,0.014764568606021454,0.05630739219185483,False,False,,,False,0,0,5,2999,553,0,1,0,0,0,0,32,24,8
127,13.16877,158183.43722263345,242.61263377704518,652,0.8326947637292464,22.536977762987764,14.630911128975626,71.88386897341526,0.6978527607361963,0.8676253471993345,2.20894131129278,0.8542470116392423,12.146330991824184,affine,left_right_consistency,342,0.028465614600474465,0.03668558614891688,False,False,,,True,0,0,5,3000,553,0,1,0,0,0,0,32,24,8
128,13.27235,111510.38451503692,151.7148088639958,735,0.928030303030303,18.42470092354638,10.946645169285148,59.38287128081813,0.7768707482993197,0.46065843916984506,0.9444244425264784,0.9272986301201743,3.942273846089014,affine,left_right_consistency,473,0.005473976831474045,0.024999428136665267,False,False,,,False,0,0,5,3000,553,0,1,0,0,0,0,32,24,8
129,13.37588,170235.55394403974,260.6976323798465,653,0.8244949494949495,24.969254521359158,16.01995107816424,71.77203730417294,0.6493108728943339,0.9327310206134085,1.8013734787213853,0.8325152643168123,15.141868506712267,affine,left_right_consistency,312,0.010451471341849464,0.01753537292874325,False,False,,,True,0,0,5,2980,573,0,1,0,0,0,0,33,25,8
130,13.4795,110420.65722176303,152.09456917598214,726,0.9416342412451362,18.648229307234732,11.649014401109284,64.3257379270685,0.7644628099173554,0.47942905618511056,0.7810496661148438,0.9090768517419947,5.060273888725703,affine,left_right_consistency,499,0.003156560471068731,0.013540460581793359,False,False,,,False,0,0,5,2980,573,0,1,0,0,0,0,33,25,8
131,13.58311,157413.0813959957,248.28561734384178,634,0.8223086900129701,22.34137457606987,12.482163887925442,71.86212546695923,0.6813880126182965,0.9893147146585353,1.4848919542005579,0.8641457559513388,7.4046137096779905,affine,left_right_consistency,365,0.017024083967248645,0.025068469085436713,False,False,,,False,0,0,5,2980,573,0,1,0,0,0,0,33,25,8
132,13.68672,186937.56988170525,334.4142573912437,559,0.7250324254215305,25.070197951623722,15.296099784264356,79.2066576439086,0.6457960644007156,1.4991435948807794,2.078139169170229,0.8352303314368077,11.650339146250385,affine,left_right_consistency,274,0.010695472694216128,0.0416457507072984,False,False,,,True,0,0,5,2985,573,0,1,0,0,0,0,33,25,8
133,13.79034,96832.31459377293,127.07652833828469,762,0.9621212121212122,15.953380776392537,9.961325425292124,52.87723219884322,0.7900262467191601,0.5324238757633466,0.4692779824979236,0.9999385688958095,0.5429265825881827,affine,left_right_consistency,520,0.007916788631381937,0.011425446175987144,False,False,,,False,0,0,5,2985,573,0,1,0,0,0,0,33,25,8
134,13.89395,143339.03870933614,209.86682095071177,683,0.8623737373737373,21.003871447330663,12.288160912934174,73.88260520899948,0.7013177159590044,1.0783088311643487,0.8044937076712749,0.985040435428068,5.998300842154486,affine,left_right_consistency,354,0.006703090199320927,0.016928398805555207,False,False,,,False,0,0,5,2985,573,0,1,0,0,0,0,33,25,8
135,13.99767,186573.13161035875,323.91168682353947,576,0.7272727272727273,23.678624666125124,16.205909982567192,85.4896519029719,0.7013888888888888,1.6317389274739398,1.1390485032305855,0.9075910990288608,19.2236464194942,affine,left_right_consistency,278,0.008543694430425169,0.014827860351124766,False,False,,,False,0,0,5,2985,573,0,1,0,0,0,0,33,25,8
136,14.1013,219351.69036069035,430.9463464846569,509,0.6426767676767676,27.440046078534266,18.729624986098216,92.59880251115595,0.6208251473477406,2.216172085924317,1.4774933724366972,0.8858152888431056,30.191461049090854,affine,left_right_consistency,158,0.3002290678441482,0.2839932308575136,False,False,,,False,0,0,5,2985,573,0,1,0,0,0,0,33,25,8
137,14.20492,214236.68870043638,458.7509394013627,467,0.5896464646464646,61.39596338129968,53.33753177087078,142.26623298984345,0.2462526766595289,2.663120290845673,1.8589404683198436,1.1723884281420982,0.0020638574926212703,affine,left_right_consistency,131,0.04179568246248053,0.8318205898360962,True,True,lk_pnp,photometric_optimization_failed,True,1,0,5,2985,573,0,1,0,0,0,0,33,25,8
138,14.30854,116577.35829024459,159.47655032865197,731,0.922979797979798,18.037035175465444,11.728472690243962,57.34026890230247,0.7701778385772914,0.6205086121264456,0.18964874814656701,0.9460389891395804,7.32531313666873,affine,left_right_consistency,387,0.009148233364376939,0.007006411542301926,False,False,,,False,0,0,5,2985,573,0,1,0,0,0,0,33,25,8
139,14.41227,169824.97415184244,274.35375468795223,619,0.7815656565656566,22.767427526785884,15.306162797362049,73.12568357783572,0.6995153473344103,1.255238923394846,0.3738399478156374,0.9088066109344312,11.0790962301792,affine,left_right_consistency,315,0.011507567995045534,0.04946668336197651,False,False,,,False,0,0,5,2985,573,0,1,0,0,0,0,33,25,8
140,14.51589,207796.12995083275,389.1313294959415,534,0.6742424242424242,26.600897245608696,18.019596019645174,94.25580336815626,0.649812734082397,1.906090841518827,0.5432598377300033,0.8459576066252767,20.04103344980138,affine,left_right_consistency,217,0.05992428733769791,0.0560332658682017,False,False,,,False,0,0,5,2985,573,0,1,0,0,0,0,33,25,8
141,14.61968,255270.93423872866,607.7879386636397,420,0.5303030303030303,32.10916501193293,22.657909018047476,98.7350859855406,0.55,2.528281428804659,0.7322835648374889,0.6044380737385606,50.0,affine,left_right_consistency,176,0.060645947030529175,0.05062021460784765,False,False,,,False,0,0,5,2985,573,0,1,0,0,0,0,33,25,8
142,14.72326,261802.6841835992,733.3408520548998,357,0.45075757575757575,28.0246394840952,18.40729609506107,88.13560670896983,0.6106442577030813,3.2576761480554866,0.8425954341900752,0.7794677173967482,30.62105810110691,affine,left_right_consistency,181,0.1756332946707016,0.16493585653961357,False,False,,,False,0,0,5,2985,573,0,1,0,0,0,0,33,25,8
143,14.82686,270768.5192808325,840.8960226112811,322,0.4065656565656566,26.249846006715686,19.316775845116865,75.94080861110227,0.6304347826086957,3.9552741184237683,0.8486985654597153,0.7821211399953313,31.286576484885636,affine,left_right_consistency,107,0.19422522888814495,0.18553462146827507,False,False,,,False,0,0,5,2985,573,0,1,0,0,0,0,33,25,8
144,14.93048,236581.37735758937,433.29922592965085,546,0.6893939393939394,66.9512834197638,56.20872159975113,158.29476117767237,0.25824175824175827,2.7898552124866174,1.4910030947472401,1.025079763040092,3.343146218972601,affine,left_right_consistency,86,2.569889476078726,2.343071128804868,True,True,lk_pnp,photometric_optimization_failed,True,1,0,5,2985,573,0,1,0,0,0,0,33,25,8
145,15.0341,80962.7539609932,110.90788213834685,730,0.9217171717171717,11.833436008735015,6.128659777698303,40.699777414204725,0.8863013698630137,0.7356555017840343,0.26083905662269996,0.9989283106857468,0.4580288195285882,affine,left_right_consistency,465,0.014259699608212682,0.01275790725507266,False,False,,,False,0,0,5,2985,573,0,1,0,0,0,0,33,25,8
146,15.13784,150429.26346329987,243.4130476752425,618,0.7803030303030303,17.7405091426709,10.851830420808994,55.61532099374525,0.7718446601941747,1.4833720421029926,0.5173295457391927,0.9536253210889949,6.109151243809192,affine,left_right_consistency,400,0.010362539403617364,0.03776512729139832,False,False,,,False,0,0,5,2985,573,0,1,0,0,0,0,33,25,8
147,15.24145,179747.04897160636,332.24962841332047,541,0.6830808080808081,19.485137225875636,12.282999687089344,63.83383148861836,0.7874306839186691,2.2415967836396433,0.7433695324662363,0.9106878003339804,14.510294542992684,affine,left_right_consistency,313,0.02291287778182533,0.040879663825486204,False,False,,,False,0,0,5,2985,573,0,1,0,0,0,0,33,25,8
148,15.34508,213750.89021614057,453.8235461064556,471,0.5946969696969697,23.046830050011685,15.275918800364082,76.27483522682348,0.7006369426751592,3.0181920761428658,1.014098039771567,0.930898162453656,10.967899761185057,affine,left_right_consistency,245,0.020300662800707556,0.04628351086190932,False,False,,,True,0,0,5,2956,606,0,1,0,0,0,0,34,26,8
149,15.44881,86346.31219812034,117.95944289360703,732,0.9242424242424242,13.357623671512973,6.253876808780955,42.67045530744089,0.8538251366120219,0.8026629925784925,0.25645854434491605,1.0172243328377328,-0.22742221137446061,affine,left_right_consistency,462,0.006911721761702214,0.01309310807158554,False,False,,,False,0,0,5,2956,606,0,1,0,0,0,0,34,26,8
150,15.55255,170062.74604716888,281.0954480118494,605,0.7638888888888888,22.02482374533242,12.485664471402771,68.50429089313151,0.7008264462809918,1.6085569775120407,0.5328738309547913,0.9525791388093217,4.8663449801587975,affine,left_right_consistency,363,0.0360517880637719,0.00961687414902967,False,False,,,False,0,0,5,2956,606,0,1,0,0,0,0,34,26,8
151,15.65617,218390.38644153025,423.23718302622143,516,0.6515151515151515,28.523340493265117,17.160393717768883,93.40483485787517,0.6046511627906976,2.415128042443757,0.8143296869043081,0.8789658950933444,9.378059761179337,affine,left_right_consistency,299,0.021454028573650932,0.025050293452457018,False,False,,,False,0,0,5,2956,606,0,1,0,0,0,0,34,26,8
152,15.7599,242206.49009640238,519.7564165158849,466,0.5883838383838383,34.02765499598031,18.623177654828467,106.14266915222254,0.5472103004291845,3.242489684639982,1.1956797813960212,0.809503200711664,14.693521829141147,affine,left_right_consistency,230,0.03982809465009593,0.07270922701128246,False,False,,,False,0,0,5,2956,606,0,1,0,0,0,0,34,26,8
153,15.86364,251602.39153424627,601.919596971881,418,0.5277777777777778,31.514512133778762,19.909541515997155,99.86712492737323,0.5741626794258373,4.038408284748436,1.329294524946669,0.7595029158463642,14.880392224834425,affine,left_right_consistency,183,0.07284446160657543,0.09743979219597998,False,False,,,False,0,0,5,2956,606,0,1,0,0,0,0,34,26,8
154,15.96739,264940.8637394692,699.0524109220823,379,0.47853535353535354,32.64648258856254,21.225086145907966,100.69250805864544,0.5514511873350924,4.86702850533913,1.422310920597612,0.6657013639934297,23.828769806245454,affine,left_right_consistency,144,0.26171023134387433,0.2782373954102269,False,False,,,True,0,0,5,2963,606,0,1,0,0,0,0,34,26,8
155,16.07102,91745.48101831364,133.15744705125348,689,0.8901808785529716,12.316634307020513,6.975445888132668,41.73934187097836,0.865021770682148,0.80846483260773,0.20927657212943906,0.955753267583034,2.0528353743151984,affine,left_right_consistency,494,0.009542559777852275,0.02009911025201648,False,False,,,False,0,0,5,2963,606,0,1,0,0,0,0,34,26,8
156,16.17474,137342.2463190113,219.74759411041808,625,0.8074935400516796,17.403994132072818,10.80201801083112,55.78878116373212,0.8,1.6143882737806392,0.2244737288909796,0.9333728849114286,7.529831703719759,affine,left_right_consistency,384,0.025921523183421957,0.07319740060812692,False,False,,,False,0,0,5,2963,606,0,1,0,0,0,0,34,26,8
157,16.27845,176494.27610711736,305.88262756866095,577,0.7454780361757106,23.42909051851821,14.139405376042205,82.97279543576286,0.6811091854419411,2.4193340621373483,0.3693086889558465,0.8658663222884941,13.563138912180372,affine,left_right_consistency,325,0.02452432462826941,0.07539929627547826,False,False,,,False,0,0,5,2963,606,0,1,0,0,0,0,34,26,8
158,16.38209,208871.4487527894,407.156820180876,513,0.6627906976744186,27.95289060692239,17.8647623899016,92.35789308485013,0.6140350877192983,3.2250203036754175,0.4566606483409416,0.8238474614315068,20.75967053639722,affine,left_right_consistency,254,0.0494939720733406,0.0783536005847153,False,False,,,False,0,0,5,2963,606,0,1,0,0,0,0,34,26,8
159,16.48571,242855.784378728,559.5755400431522,434,0.5607235142118863,33.15857148452528,22.111550104550616,100.71348403197072,0.5599078341013825,4.014298788030303,0.6464142735688776,0.8198471958814372,25.400489246584304,affine,left_right_consistency,192,0.17748229185926204,0.22161965645890352,False,False,,,True,0,0,5,2930,653,0,1,0,0,0,0,35,27,8
160,16.58933,88394.12418312581,122.59934005981388,721,0.9303225806451613,13.583596884096266,7.16374162570898,50.32051162211002,0.8391123439667129,0.8134871242691818,0.20570912388628793,0.9731968381097753,3.325666362504851,affine,left_right_consistency,529,0.009963485017033463,0.031997679992105676,False,False,,,False,0,0,5,2930,653,0,1,0,0,0,0,35,27,8
161,16.69309,155111.73916935385,239.36996785394112,648,0.8361290322580646,23.65107179201738,14.52928461987483,83.24572306573504,0.7052469135802469,1.6217723617190636,0.443259186207105,0.9145629508560504,16.95257137316822,affine,left_right_consistency,354,0.026802862955183675,0.0629515474070289,False,False,,,False,0,0,5,2930,653,0,1,0,0,0,0,35,27,8
162,16.79668,199172.66484098436,353.14302276770275,564,0.727741935483871,27.624928968875356,17.46140420042608,83.04092994230302,0.6063829787234043,2.4302714068467473,0.7097784935758625,0.7366470619332162,36.93982341540887,affine,left_right_consistency,244,0.04463396809000847,0.12582646914728704,False,False,,,True,0,0,5,2939,653,0,1,0,0,0,0,35,27,8
163,16.90043,93003.29275410832,123.51034894303893,753,0.967866323907455,17.36291120388192,8.376451004828454,61.58387981484292,0.7928286852589641,0.8145473487868365,0.34211205750674206,0.958147342155382,5.349754792752702,affine,left_right_consistency,495,0.004545549980752091,0.016216547608580937,False,False,,,False,0,0,5,2939,653,0,1,0,0,0,0,35,27,8
164,17.00419,178815.02691533533,283.83337605608784,630,0.8097686375321337,27.06782578266374,18.513153900172718,90.53538950853928,0.6174603174603175,1.6325889583337698,0.7523462995563996,0.8177305907329863,23.804160678734387,affine,left_right_consistency,280,0.04801008848950214,0.08961959064121487,False,False,,,False,0,0,5,2939,653,0,1,0,0,0,0,35,27,8
165,17.1079,224743.904272877,436.39593062694564,515,0.6619537275064268,31.800791995643642,21.829770722378257,94.33962853841749,0.5475728155339806,2.4254669448861716,1.164211365891203,0.6189522557109628,50.0,affine,left_right_consistency,160,0.3741502570866029,0.3434716648214546,False,False,,,False,0,0,5,2939,653,0,1,0,0,0,0,35,27,8
166,17.21165,278516.4452045854,623.0792957596989,447,0.5745501285347043,50.23558902164433,38.95965266376827,133.22057937876082,0.3400447427293065,3.192208891675126,1.584060077092036,0.9705996050351949,7.625288984892444,affine,left_right_consistency,142,0.04807549931026598,0.023684978391340667,False,False,,,True,0,0,5,2978,653,0,1,0,0,0,0,36,27,9
167,17.31539,151452.68656170575,226.72557868518825,668,0.8630490956072352,22.612742590594802,15.21325863786733,70.42731904808673,0.6856287425149701,0.809397105017931,0.5777476202822843,0.8860162754901947,16.73454888407354,affine,left_right_consistency,444,0.005705567894606182,0.004206882986747728,False,False,,,False,0,0,5,2978,653,0,1,0,0,0,0,36,27,9
168,17.41915,202040.8420860107,333.9518051008441,605,0.7816537467700259,33.49105956910065,19.770078508408375,96.88328448606505,0.5685950413223141,1.6149936912224805,1.1845227047352165,0.8184765070350958,18.492714208750886,affine,left_right_consistency,330,0.014132965921817564,0.05913209928303771,False,False,,,False,0,0,5,2978,653,0,1,0,0,0,0,36,27,9
169,17.52287,242643.482310509,539.2077384677978,450,0.5813953488372093,34.69603682820283,22.381286492332848,110.36703552635751,0.5488888888888889,2.4126187287325416,1.7644532749353474,0.7388406066268458,28.98216144667044,affine,left_right_consistency,230,0.006279042867005241,0.046109140508733756,False,False,,,True,0,0,5,2988,653,0,1,0,0,0,0,36,27,9
170,17.62648,128450.0016834224,175.000002293491,734,0.9267676767676768,21.608251953102915,12.384625163343074,75.31825153249878,0.723433242506812,0.7929218303873021,0.6382334545145877,0.9567287658686204,3.2713103865920488,affine,left_right_consistency,472,0.0012885483361923997,0.018053846442893606,False,False,,,False,0,0,5,2988,653,0,1,0,0,0,0,36,27,9
171,17.73022,194805.95510398893,305.3384876238071,638,0.8055555555555556,30.98392362462091,20.454390005073897,95.45071276037075,0.5752351097178683,1.5865265841092084,1.2701097961501175,0.9018810724347791,3.7893761516722577,affine,left_right_consistency,319,0.021415504086188045,0.04766512370509565,False,False,,,False,0,0,5,2988,653,0,1,0,0,0,0,36,27,9
172,17.83384,253356.1194870157,532.2607552248229,476,0.601010101010101,39.024133523895,26.470412478810452,104.43953388246005,0.4789915966386555,2.3602179450626215,1.9025641138548626,0.8875766229340107,2.2824450101790394,affine,left_right_consistency,228,0.07099473367808065,0.07477045776884647,False,False,,,True,0,0,5,2948,705,0,1,0,0,0,0,37,28,9
173,17.93746,137494.15624441678,204.60439917323924,672,0.8582375478927203,21.184381498387673,10.387188796114032,87.28534150851956,0.7485119047619048,0.7787249548183467,0.6202446126836749,1.020874617631817,3.8103570222340366,affine,left_right_consistency,426,0.023879392194136678,0.0671291639549853,False,False,,,False,0,0,5,2948,705,0,1,0,0,0,0,37,28,9
174,18.0412,201510.56734605867,350.45316060184115,575,0.7343550446998723,33.15618884143683,16.42845826003102,116.30441122759161,0.5982608695652174,1.5285007549525045,1.2077603245971298,0.9733286018455244,12.478266854619136,affine,left_right_consistency,287,0.056933034981380734,0.09847141700461311,False,False,,,False,0,0,5,2948,705,0,1,0,0,0,0,37,28,9
175,18.14482,241627.0189799156,539.3460245087401,448,0.5721583652618135,36.66841810372523,20.26246154235775,125.30553641326037,0.5803571428571429,2.273564527622217,1.7214942819559969,1.0600885216984373,0.07887145058580125,affine,left_right_consistency,185,0.11520965859750922,0.13300271441941466,False,False,,,True,0,0,5,2954,705,0,1,0,0,0,0,37,28,9
176,18.24855,122415.17229502172,187.17916253061426,654,0.8549019607843137,17.887695139235962,8.059827749107637,65.12986549113351,0.7889908256880734,0.745649283013473,0.5439196595468134,0.9384455841808056,2.901609505429815,affine,left_right_consistency,447,0.009560767065503064,0.03800247557063678,False,False,,,False,0,0,5,2954,705,0,1,0,0,0,0,37,28,9
177,18.35217,173780.21007707634,318.27877303493835,546,0.7137254901960784,21.658355242117864,10.927539453585034,77.41685430927791,0.7271062271062271,1.4967752649382398,1.0757101909584255,0.8578717507143679,8.70402715358216,affine,left_right_consistency,308,0.01632879840949364,0.020539752474425337,False,False,,,False,0,0,5,2954,705,0,1,0,0,0,0,37,28,9
178,18.45593,217151.46678262172,473.09687752205167,459,0.6,27.55596756510131,15.303085353362519,88.6795565329307,0.6361655773420479,2.2380182531719854,1.5675920710434157,0.8224269546793873,11.988920377555571,affine,left_right_consistency,246,0.046457224651105515,0.08054206775096528,False,False,,,True,0,0,5,2900,780,0,1,0,0,0,0,38,29,9
179,18.55957,76049.09296194169,103.04755143894538,738,0.9534883720930233,12.86461567303324,6.27628954012447,50.193051935416726,0.8482384823848238,0.7369473102332634,0.45030879215963404,0.9213296074926625,3.21988861618834,affine,left_right_consistency,522,0.007846186421904915,0.015274160570934503,False,False,,,False,0,0,5,2900,780,0,1,0,0,0,0,38,29,9
180,18.66326,140747.62363770264,220.2623218117412,639,0.8255813953488372,19.87290602343207,10.093363048722296,78.12296977236808,0.7527386541471048,1.4662601966707216,0.7963241367587156,0.8566058962788072,8.811974768313302,affine,left_right_consistency,415,0.014469539370861996,0.017842143020167553,False,False,,,False,0,0,5,2900,780,0,1,0,0,0,0,38,29,9
181,18.76688,184224.04799552597,330.150623647896,558,0.7209302325581395,24.527808850466098,14.795729935312465,84.0711376943435,0.6774193548387096,2.1928604058433288,1.090994250493321,0.729560637374785,20.883327158614513,affine,left_right_consistency,289,0.0322013313713715,0.05647600796928634,False,False,,,True,0,0,5,2950,780,0,1,0,0,0,0,38,29,9
182,18.87049,84969.85199731683,117.19979585836803,725,0.9259259259259259,12.898564728232046,6.457463532462995,49.32449039555031,0.8689655172413793,0.7110756732460133,0.19749247346225232,0.9545277373028911,-2.3377041531732026,affine,left_right_consistency,509,0.01066496909453708,0.030798895508518987,False,False,,,False,0,0,5,2950,780,0,1,0,0,0,0,38,29,9
183,18.97411,129118.85594405454,196.22926435266646,658,0.8403575989782887,18.186012102885876,9.267683647061926,73.90419159236762,0.7963525835866262,1.408751986763403,0.30541602062590617,0.91338709991646,2.4072030317614916,affine,left_right_consistency,414,0.013352872507876767,0.05543784782627263,False,False,,,False,0,0,5,2950,780,0,1,0,0,0,0,38,29,9
184,19.07772,193656.22101001948,366.07981287338276,529,0.6756066411238825,24.824034665647773,12.583022198840183,90.87896171270742,0.6899810964083176,2.087750799607975,0.3488813410671265,0.8853705131351853,12.802099599666267,affine,left_right_consistency,292,0.012594939805471644,0.035078277528949264,False,False,,,False,0,0,5,2950,780,0,1,0,0,0,0,38,29,9
185,19.18141,,,491,0.6270753512132823,34.93062577147595,20.799514178401097,115.88970529838873,0.5641547861507128,2.819968335365055,0.35754442265855535,1.0,0.0,affine,left_right_consistency,213,0.0,0.0,True,True,lk_pnp,photometric_optimization_failed,True,1,0,5,2950,780,0,1,0,0,0,0,38,29,9
186,19.28502,93697.03396797032,129.05927543797566,726,0.9272030651340997,15.368580480309085,6.541148016856329,61.42323907404861,0.8278236914600551,0.6483450711313163,0.20505185310856663,0.9564096713168841,3.4655987037857843,affine,left_right_consistency,475,0.02539657145413523,0.009539139258996444,False,False,,,False,0,0,5,2950,780,0,1,0,0,0,0,38,29,9
187,19.38868,142125.00202047368,217.31651685087718,654,0.8352490421455939,21.4470355858748,10.392513454427455,80.142802123528,0.7446483180428135,1.2612246862903478,0.49817689400871684,0.933139094159424,3.1364028816110685,affine,left_right_consistency,391,0.012407747845999406,0.026205050483323864,False,False,,,False,0,0,5,2950,780,0,1,0,0,0,0,38,29,9
188,19.49224,176184.88083609153,305.34641392736836,577,0.7369093231162197,23.965847712070186,12.580771282014723,89.50931500661532,0.7209705372616985,1.879113546115203,0.9560963583994877,0.9224761245326706,9.703751191979046,affine,left_right_consistency,315,0.010104096114244971,0.02983381682363059,False,False,,,True,0,0,5,2941,822,0,1,0,0,0,0,39,30,9
189,19.5958,103134.4788380449,141.6682401621496,728,0.929757343550447,17.118274141777505,8.999954721232001,58.675502578463174,0.7925824175824175,0.5660418007310787,0.6500711438585736,0.9823660951864501,4.9188184761355895,affine,left_right_consistency,554,0.010484074933245541,0.051593789554982776,False,False,,,False,0,0,5,2941,822,0,1,0,0,0,0,39,30,9
190,19.69941,171798.17813061565,273.5639779149931,628,0.8020434227330779,25.39020786177013,15.733638564739012,84.07131683372816,0.6512738853503185,1.1332127071483784,1.4439748221547002,1.0174205576971038,0.029654983267212002,affine,left_right_consistency,416,0.02476801141045674,0.06715393907441387,False,False,,,False,0,0,5,2941,822,0,1,0,0,0,0,39,30,9
191,19.80291,210587.31375348943,379.4366013576386,555,0.7088122605363985,30.955114195852666,19.055560976625486,96.2448140060212,0.590990990990991,1.6930154826126362,2.4476047150061047,0.9298314531700195,15.258248003165212,affine,left_right_consistency,366,0.03484009422611673,0.03754835847534449,False,False,,,True,0,0,5,2965,822,0,1,0,0,0,0,39,30,9
192,19.90652,119333.88007814731,165.2823823797054,722,0.9220945083014048,19.263266880894847,10.152366484428939,67.43397633763107,0.7326869806094183,0.5316047375363617,1.234247714211984,0.9883376287897041,2.794203230006843,affine,left_right_consistency,545,0.004763030459721688,0.031641362679079674,False,False,,,False,0,0,5,2965,822,0,1,0,0,0,0,39,30,9
193,20.01002,176755.57224716895,274.4651742968462,644,0.822477650063857,28.540842756469445,16.72306707717371,100.5612895742728,0.6335403726708074,1.056949950756665,2.6659404380917295,0.9712243162762402,10.587183735440743,affine,left_right_consistency,410,0.02406702702512637,0.04199556851580966,False,False,,,True,0,0,5,2981,822,0,1,0,0,0,0,40,30,10
194,20.1135,119267.69723930072,166.11099894053024,718,0.9264516129032258,20.34236462418093,11.883063140694581,69.46039736549915,0.7493036211699164,0.53029436753431,1.6410650937691373,0.9863946639402976,5.115299417491824,affine,left_right_consistency,538,0.024693282989349863,0.01435046002440618,False,False,,,True,0,0,5,2987,822,0,1,0,0,0,0,40,30,10
195,20.21714,128575.63887633041,189.9197029192473,677,0.9173441734417345,24.12114014236988,13.723573458983537,81.18962640247129,0.7104874446085672,0.5258157486825196,1.9135955768581043,0.9855898637849333,4.893154342514875,affine,left_right_consistency,529,0.03777564838148206,0.025554651025086077,False,False,,,True,0,0,5,2961,861,0,1,0,0,0,0,41,31,10
196,20.32061,134677.57548950284,193.78068415755803,695,0.9193121693121693,23.770711454941328,14.039478262747917,77.59397829347647,0.6661870503597123,0.5198337568018003,2.1945726954431217,0.967053186968652,2.4193476031288195,affine,left_right_consistency,523,0.03221847600777302,0.03563786146085845,False,False,,,True,0,0,5,2972,861,0,1,0,0,0,0,41,31,10
197,20.4241,129839.95600741937,189.82449708687042,684,0.9230769230769231,23.620935617101743,13.123079532259226,77.96513818166991,0.6739766081871345,0.4995806690320762,2.490338132583216,0.9730805844109208,4.099348808984323,affine,left_right_consistency,528,0.008352419901214549,0.04133030523695958,False,False,,,True,0,0,5,2965,882,0,1,0,0,0,0,42,32,10
198,20.52747,124199.39059195388,181.31297896635604,685,0.9281842818428184,22.506944054638325,14.09305545404294,78.69496505906899,0.710948905109489,0.515884032933249,2.674941056027316,0.9681580422151939,6.402011981065822,affine,left_right_consistency,524,0.02501470057218262,0.022755332436160406,False,False,,,True,0,0,5,2976,882,0,1,0,0,0,0,42,32,10
199,20.63096,124844.36230092125,178.09466804696325,701,0.9498644986449865,23.36769107196848,14.302118445792189,78.57633326563166,0.6804564907275321,0.49986017006762784,2.8893993964830047,0.9786540351450576,2.0297455255575065,affine,left_right_consistency,532,0.006390857254766988,0.03573552991884218,False,False,,,True,0,0,5,2975,896,0,1,0,0,0,0,43,33,10
200,20.73444,115479.44588150003,160.6111903776078,719,0.9625167336010709,22.121008713430765,11.621754101060077,72.78320085494916,0.713490959666203,0.4898882808763838,3.12049751583093,0.9323841603898287,3.8870692580758694,affine,left_right_consistency,498,0.004223184171233238,0.009005440035723676,False,False,,,True,0,0,5,2987,896,0,1,0,0,0,0,43,33,10
201,20.83796,123998.9077332748,173.91151154737,713,0.9544846050870147,23.810205580048745,13.077703484215235,82.57132073143426,0.6844319775596073,0.49517971744250033,3.3858535018018334,0.9184451429255464,5.5754436675139365,affine,left_right_consistency,457,0.02124198740131589,0.04394795283632722,False,False,,,True,0,0,5,2993,896,0,1,0,0,0,0,44,33,11
202,20.94151,132049.28348084696,191.37577316064778,690,0.9236947791164659,25.4638202812742,13.945457872746715,94.04619951942706,0.6840579710144927,0.49163113166072525,3.7271641984472557,0.9026337913774811,3.0315083603408066,affine,left_right_consistency,446,0.02392553298919552,0.10094247863180168,False,False,,,True,0,0,5,2996,896,0,1,0,0,0,0,44,33,11
203,21.04502,158799.70796265226,239.15618669074135,664,0.8713910761154856,29.09076162625021,16.804348438586906,98.66813236333323,0.6566265060240963,0.48589132945883073,3.8658029744218294,0.8673621963225249,5.553134973369808,affine,left_right_consistency,444,0.02186344676346892,0.07644109847188062,False,False,,,True,0,0,5,2970,926,0,1,0,0,0,0,45,34,11
204,21.14837,151576.33214220128,214.39368054059588,707,0.8926767676767676,25.81187741694374,15.18628310646443,92.8205563760964,0.6803394625176803,0.483490635225581,3.9449354073417915,0.8946179753775808,3.173159589346276,affine,left_right_consistency,387,0.016781300181909722,0.03017831429537313,False,False,,,True,0,0,5,2976,926,0,1,0,0,0,0,45,34,11
205,21.2519,157629.57849594727,228.1180586048441,691,0.8825031928480205,26.067553808584094,14.752147997059524,86.53089062629272,0.6439942112879884,0.49058475372690163,4.0159440863304,0.8416888662260581,3.517034811314516,affine,left_right_consistency,378,0.02409608871124101,0.055763657633336475,False,False,,,True,0,0,5,2952,953,0,1,0,0,0,0,46,35,11
206,21.35544,158598.17342724078,236.00918664767974,672,0.8582375478927203,26.354285077117353,15.46482991632179,96.05216982095644,0.6711309523809523,0.4835208853091534,4.022165750050343,0.8583259191119781,4.348584556480332,affine,left_right_consistency,367,0.018774164502738222,0.06594928393573622,False,False,,,True,0,0,5,2966,953,0,1,0,0,0,0,46,35,11
207,21.459,156714.62147793864,232.51427518981993,674,0.878748370273794,27.891000972277254,16.908495240638842,95.57096403599202,0.6528189910979229,0.4817392043314285,4.030117441036628,0.9189885452194574,2.308400439350275,affine,left_right_consistency,392,0.02064452734543862,0.057336570497919556,False,False,,,True,0,0,5,2966,974,0,1,0,0,0,0,47,36,11
208,21.56272,139954.1643888881,209.1990499086519,669,0.8643410852713178,20.176289254481116,13.724460253499984,65.78656300824476,0.7249626307922272,0.4709126460003121,3.9692728858869635,0.8509043754071506,6.399271208995065,affine,left_right_consistency,353,0.005121310736624397,0.02680981803816314,False,False,,,True,0,0,5,2976,974,0,1,0,0,0,0,47,36,11
209,21.66636,149651.43951271343,224.36497678067983,667,0.8822751322751323,24.931732760396834,15.666220750845326,76.40117209800974,0.6611694152923538,0.4675812890460455,3.932601598934435,0.9390999832359171,12.846848229501997,affine,left_right_consistency,385,0.006673520432291937,0.015484865531245076,False,False,,,True,0,0,5,2986,974,0,1,0,0,0,0,48,36,12
210,21.7701,,,677,0.8746770025839793,22.875421304106364,15.562288636899325,68.01506897391786,0.6838995568685377,0.4721861123006129,3.9032927912547013,1.0,0.0,affine,left_right_consistency,384,5.551792708129603e-17,0.0,True,True,lk_pnp,photometric_optimization_failed,True,1,0,5,2986,974,0,1,0,0,0,0,48,36,12
211,21.87395,142933.36467968253,219.22295196270326,652,0.8590250329380764,23.884612475339583,13.204831698732775,92.67216450900926,0.7269938650306749,0.47563530306764995,3.782927596143808,0.9820945021528057,10.061814080106673,affine,left_right_consistency,354,0.009129651708173571,0.030420167006768698,False,False,,,True,0,0,5,2993,974,0,1,0,0,0,0,48,36,12
212,21.97771,128261.55242482432,186.42667503608186,688,0.8888888888888888,21.03644602992395,12.248515545208296,74.49902160078922,0.7601744186046512,0.4777593352313391,3.582192266937498,1.039280307315755,11.93546588395545,affine,left_right_consistency,342,0.005351785820641193,0.045078259975567254,False,False,,,True,0,0,5,2975,999,0,1,0,0,0,0,49,37,12
213,22.08144,123551.5595537715,180.36724022448394,685,0.8850129198966409,18.675828675368198,10.548267378470257,62.97573930020093,0.7664233576642335,0.4571088868615563,3.268456077808294,0.971367333012298,9.55417788891285,affine,left_right_consistency,429,0.0050744687954689905,0.01765886501238892,False,False,,,True,0,0,5,2977,999,0,1,0,0,0,0,49,37,12
214,22.18531,117174.23824352854,169.5719800919371,691,0.8847631241997439,18.269526862360742,9.857416368122742,55.8743757914485,0.7916063675832128,0.4656289231726649,2.8833976955002156,0.9968728526994254,5.570186121625815,affine,left_right_consistency,466,0.013136226319080544,0.032442004793552796,False,False,,,True,0,0,5,2956,1026,0,1,0,0,0,0,50,38,12
215,22.28917,103760.58185555799,146.76178480276943,707,0.91343669250646,15.894729197988875,8.758258091700029,54.51967708622468,0.8048090523338048,0.47106620488017775,2.479792426246762,1.028976910845991,4.9075729517148154,affine,left_right_consistency,486,0.01137240438760473,0.026619982787803934,False,False,,,True,0,0,5,2970,1026,0,1,0,0,0,0,50,38,12
216,22.39317,89491.6008387773,118.84674746185564,753,0.9507575757575758,15.918252270878158,8.146656715249172,58.64968293845273,0.8313413014608234,0.47103882386051005,2.1401203794445838,1.0604152901915684,1.6165230340435013,affine,left_right_consistency,436,0.008868056942514187,0.01511083703627433,False,False,,,True,0,0,5,2980,1031,0,1,0,0,0,0,51,39,12
217,22.49716,86142.09701100487,114.85612934800649,750,0.9578544061302682,15.3909160095426,7.270860535787262,49.92069204776709,0.812,0.4821302959720789,1.8517048782979904,1.0369786666024294,4.850744116405845,affine,left_right_consistency,444,0.0062046883332030674,0.01955164513558982,False,False,,,True,0,0,5,2985,1031,0,1,0,0,0,0,51,39,12
218,22.60129,74093.1927004531,97.74827533041307,758,0.9680715197956578,13.123337579496624,6.17844819331782,48.62308430266688,0.8522427440633246,0.4894500168118178,1.3502742286536107,1.0480063691407977,5.020473097595273,affine,left_right_consistency,447,0.0035287294186436167,0.022131839515202527,False,False,,,False,0,0,5,2985,1031,0,1,0,0,0,0,51,39,12
219,22.70551,147998.9043478331,234.91889579021128,630,0.8045977011494253,20.114963827074533,11.22452308929467,78.47162203374666,0.7571428571428571,0.9881202907798279,2.2926604508670256,1.074229088191652,9.551006440794286,affine,left_right_consistency,373,0.009525670824570958,0.05548188424139427,False,False,,,True,0,0,5,2996,1031,0,1,0,0,0,0,52,39,13
220,22.80964,73406.67632468652,95.5816097977689,768,0.9808429118773946,13.704842920656349,6.076375335708718,47.857256713255055,0.82421875,0.5058959175736707,0.7934055725838892,1.0354587559527375,1.664383043780651,affine,left_right_consistency,485,0.002780970773948779,0.01279065608778981,False,False,,,False,0,0,5,2996,1031,0,1,0,0,0,0,52,39,13
221,22.91366,143079.11700212577,219.78358986501655,651,0.8314176245210728,20.461100960515854,10.279291927603722,72.96146330691342,0.7403993855606759,1.020270172066403,1.4329502995688426,1.1059651174144667,7.246968178981556,affine,left_right_consistency,369,0.028869238846038866,0.05341971536763765,False,False,,,False,0,0,5,2996,1031,0,1,0,0,0,0,52,39,13
222,23.01761,182584.47203067158,315.89009001846296,578,0.7381864623243933,25.15773955827778,13.196870344772691,82.244476127249,0.6678200692041523,1.552569665605825,1.9382300704777915,0.9722888091033857,8.17412078541209,affine,left_right_consistency,338,0.08283298614001568,0.037171587935908836,False,False,,,False,0,0,5,2996,1031,0,1,0,0,0,0,52,39,13
223,23.12172,204255.6544347497,397.3845417018477,514,0.6564495530012772,24.955202039502435,15.313053577090187,86.39224731685754,0.6536964980544747,2.088708738683615,2.2411894944600648,0.9934209029314146,8.02760709403669,affine,left_right_consistency,285,0.12750224746568276,0.06669027252416937,False,False,,,True,0,0,5,2997,1031,0,1,0,0,0,0,52,39,13
224,23.22571,94182.34314450691,128.84041469836788,731,0.922979797979798,14.018551331974539,7.6236570607818805,48.7223672614301,0.8399452804377565,0.5439769602436795,0.16300028420167936,1.0283934720575398,2.009848508495754,affine,left_right_consistency,514,0.01569186875908034,0.02234182797047953,False,False,,,False,0,0,5,2997,1031,0,1,0,0,0,0,52,39,13
225,23.3297,144302.77338760675,217.65124191192572,663,0.8371212121212122,18.861140898051193,12.51604931571984,48.65918672775878,0.722473604826546,1.096229074926339,0.3765323701242301,0.9732928705581662,9.878745710848474,affine,left_right_consistency,422,0.021220309361841494,0.04157064755466488,False,False,,,False,0,0,5,2997,1031,0,1,0,0,0,0,52,39,13
226,23.4336,189860.36861600733,318.0240680335131,597,0.7537878787878788,23.961795382866704,17.55927463445412,64.32675012741447,0.644891122278057,1.6645634891995953,0.8472046274899019,0.9592031157477,20.55057177679963,affine,left_right_consistency,330,0.02166236494127904,0.019001641253288935,False,False,,,True,0,0,5,2986,1045,0,1,0,0,0,0,53,40,13
227,23.53756,93872.66848586907,125.49821990089448,748,0.9626769626769627,17.989739500524518,9.000025852081091,55.14900416125573,0.7927807486631016,0.5757229790388705,0.37682363458845225,0.9754567401570904,-0.3295572762848665,affine,left_right_consistency,517,0.006981864948994086,0.0169550682675907,False,False,,,False,0,0,5,2986,1045,0,1,0,0,0,0,53,40,13
228,23.64143,149902.42661582623,229.20860338811352,654,0.8416988416988417,24.331953974459775,12.822724772054343,84.26796679283633,0.7033639143730887,1.159032692884596,0.6156764523683715,0.9891732840456606,10.595889838944144,affine,left_right_consistency,403,0.007442292908579321,0.020155610309347972,False,False,,,False,0,0,5,2986,1045,0,1,0,0,0,0,53,40,13
229,23.74519,198814.40917681556,382.33540226310686,520,0.6692406692406693,26.88548825784528,14.713395480048987,102.59524502324128,0.6807692307692308,1.7608794271986683,0.9885250558708107,1.0266066568335368,0.5044425871277705,affine,left_right_consistency,346,0.027175365696615644,0.027111785286170736,False,False,,,True,0,0,5,2989,1045,0,1,0,1,0,0,53,40,13
230,23.84899,78066.47454453366,109.49014662627442,713,0.9431216931216931,13.627211993538882,7.753176593041303,47.89087741675389,0.8709677419354839,0.6191817946055631,0.40208244882230454,1.1067541110445034,2.551709178477561,affine,left_right_consistency,501,0.016295340057947905,0.005100038155760683,False,False,,,False,0,0,5,2989,1045,0,1,0,1,0,0,53,40,13
231,23.95265,120266.6641823705,177.12321676343225,679,0.8981481481481481,21.933202685877554,9.72716429846119,96.05155068215068,0.748159057437408,1.2505876670587728,0.8337371242261562,0.9707842061114952,5.820686995093215,affine,left_right_consistency,447,0.007880895437476325,0.03297874460758613,False,False,,,True,0,0,5,2948,1089,0,1,0,2,0,0,54,41,13
232,24.05642,64085.67843428161,85.56165345030922,749,0.9790849673202614,12.48286493917462,5.967143377668094,43.49253712996983,0.8704939919893191,0.6492886787171087,0.36128033288927086,0.9925776485694301,0.8509743107259675,affine,left_right_consistency,473,0.010479256465780363,0.012626943491903917,False,False,,,False,0,0,5,2948,1089,0,1,0,2,0,0,54,41,13
233,24.16001,110170.95958976999,160.13220870606102,688,0.8993464052287582,16.439438000995484,9.2974709471675,53.00211946087487,0.7819767441860465,1.3053982065707335,0.6109614972643138,0.9465413189567294,5.549830654890564,affine,left_right_consistency,413,0.011685805422448807,0.022189963321270014,False,False,,,True,0,0,5,2965,1089,0,1,0,3,0,0,54,41,13
234,24.26396,80335.60999364144,108.85584009978515,738,0.9534883720930233,13.42370194771057,7.120234407742075,49.79962049016579,0.8373983739837398,0.6595157597420316,0.3094159338326291,1.004285323830118,1.1609723453665137,affine,left_right_consistency,524,0.0018799390958828268,0.008856152352637217,False,False,,,False,0,0,5,2965,1089,0,1,0,3,0,0,54,41,13
235,24.36727,115788.4381503156,170.2771149269347,680,0.8785529715762274,17.489912399512953,9.16129000591171,65.92036178714467,0.8117647058823529,1.3281132202700492,0.6983282189496469,0.9935703404672743,5.311076108024671,affine,left_right_consistency,419,0.014607267064416063,0.02349980470916471,False,False,,,True,0,0,5,2955,1107,0,1,0,4,0,0,55,42,13
236,24.471,76998.89401239388,108.6021072107107,709,0.9491298527443106,12.973710030316655,6.7373667373819615,41.464563282463516,0.846262341325811,0.6767809842914944,0.38868793019004505,1.0060207729651267,1.5272736300870644,affine,left_right_consistency,524,0.00952471518631859,0.025765721275017507,False,False,,,True,0,0,5,2976,1107,0,1,0,5,0,0,55,42,13
237,24.57456,80281.65384518946,112.28203334991532,715,0.9571619812583668,14.832066519174045,7.7235736829261725,54.676746192795434,0.8363636363636363,0.6952911095259507,0.2963839750906096,1.020877003457218,-0.08196619600319895,affine,left_right_consistency,478,0.006350950116294393,0.01288936050777089,False,False,,,True,0,0,5,2998,1107,0,1,0,6,0,0,56,42,14
238,24.6781,70902.95063133069,96.20481768158845,737,0.9722955145118733,13.496976138570888,7.477094529116158,40.86809455169568,0.864314789687924,0.7118403433256798,0.2949564834051934,0.9988667742584467,0.5153261016608135,affine,left_right_consistency,472,0.00812216131769679,0.03453577172030343,False,False,,,True,0,0,5,2999,1107,0,1,0,7,0,0,56,42,14
239,24.78183,80866.64008430902,108.9846901405782,742,0.958656330749354,13.790305310657917,6.704790463399089,49.45096478564294,0.8221024258760108,0.7270627652878457,0.4775622395167542,1.0018488945544017,1.4343676501195746,affine,left_right_consistency,423,0.007686152463586753,0.029947980403113486,False,False,,,True,0,0,5,2991,1116,0,1,0,8,0,0,57,43,14
240,24.88547,79210.04459477842,108.65575390230235,729,0.9529411764705882,13.166067401679593,6.619729706528368,44.84180780675149,0.8367626886145405,0.7374850047528838,0.37599178682058826,0.9928235801752897,1.541259224317755,affine,left_right_consistency,451,0.004069919252680696,0.018262688957896976,False,False,,,True,0,0,5,2992,1116,0,1,0,9,0,0,57,43,14
241,24.98913,82483.96813679274,115.68578981317354,713,0.9247730220492867,12.401814096274878,6.467913020380763,47.24237661193589,0.8569424964936886,0.741676641212966,0.21718585906175875,0.9754819039680839,3.389608912921032,affine,left_right_consistency,463,0.005585480208648373,0.0221753897771997,False,False,,,False,0,0,5,2992,1116,0,1,0,9,0,0,57,43,14
242,25.09267,139254.29102978273,230.17238186740948,605,0.7846952010376135,16.632657101065202,8.958223851211685,57.299400007256835,0.8099173553719008,1.487152267739499,0.5952132114493973,0.965467964369838,8.971259684174195,affine,left_right_consistency,339,0.01849814006186797,0.021726242671548004,False,False,,,False,0,0,5,2992,1116,0,1,0,9,0,0,57,43,14
243,25.19632,196482.5516690944,394.54327644396466,498,0.6459143968871596,22.818854990932817,13.256035142197785,75.94937948958976,0.7108433734939759,2.243568009427356,0.8884663758206687,0.9364832132846248,11.62368203256981,affine,left_right_consistency,229,0.05222180473240897,0.03212506580847208,False,False,,,True,0,0,5,2990,1120,0,1,0,9,0,0,58,44,14
244,25.2999,96119.07665650597,137.90398372525965,697,0.9111111111111111,14.650356769059737,8.077057685565748,55.884981050527344,0.8278335724533716,0.7766192525814457,0.31884578409449876,1.002510436459234,1.409749737511121,affine,left_right_consistency,453,0.01811661490336351,0.03501128858823823,False,False,,,False,0,0,5,2990,1120,0,1,0,9,0,0,58,44,14
245,25.40364,156998.51293286288,264.30726082973547,594,0.7764705882352941,20.532211109378682,10.872220714329497,71.86848563944223,0.7373737373737373,1.57292610390137,0.5348373737368002,0.9741256700755306,8.953004706743366,affine,left_right_consistency,280,0.00621910178043709,0.0337153057275971,False,False,,,False,0,0,5,2990,1120,0,1,0,9,0,0,58,44,14
246,25.50725,207745.12074068363,417.99823086656664,497,0.6496732026143791,25.40882592900618,18.600272683299508,76.80211660976542,0.607645875251509,2.369026045402088,0.7930380397173685,0.9474371899877679,13.187762126928831,affine,left_right_consistency,178,0.027801617493778102,0.05289063797127084,False,False,,,False,0,0,5,2990,1120,0,1,0,9,0,0,58,44,14
247,25.61088,,,469,0.6130718954248366,59.20274124832551,46.88262200586401,146.65645359531158,0.3283582089552239,2.946927258197991,0.9564905887823726,1.0,0.0,affine,left_right_consistency,154,4.443195430789018e-16,0.0,True,True,lk_pnp,photometric_optimization_failed,True,1,0,5,2990,1120,0,1,0,9,0,0,58,44,14
248,25.71463,94581.122020909,143.95908983395586,657,0.915041782729805,16.032828602956265,9.283549271868225,54.30948273211239,0.8051750380517504,0.8189025355586244,0.2502052168958801,0.9892070110769228,3.729476981494355,affine,left_right_consistency,513,0.008373670266336296,0.02402164549055897,False,False,,,False,0,0,5,2990,1120,0,1,0,9,0,0,58,44,14
249,25.81822,151713.02093518243,268.5186211242167,565,0.786908077994429,22.499553360497625,15.096169805953366,75.41411823383368,0.7115044247787611,1.6416289785109137,0.5353278574713796,0.9880752854869225,4.207327405063255,affine,left_right_consistency,355,0.03276645767963283,0.046570443908459054,False,False,,,False,0,0,5,2990,1120,0,1,0,9,0,0,58,44,14
250,25.92198,189342.73289994127,403.7158484007277,469,0.6532033426183844,24.76605398675505,17.483409808353073,76.95856873052222,0.67590618336887,2.486473608679339,0.5391592502078734,0.9599908884090164,12.590234781871631,affine,left_right_consistency,246,0.01973506065890668,0.060594012716622805,False,False,,,False,0,0,5,2990,1120,0,1,0,9,0,0,58,44,14
251,26.02568,216591.43054984888,537.4477184859774,403,0.5612813370473537,27.17308443979296,18.541443409749377,85.8437079367664,0.5955334987593052,3.3163476723516316,0.29309476992715217,0.8553122564405626,28.317536447701645,affine,left_right_consistency,184,0.10196323309909647,0.15498896454395272,False,False,,,False,0,0,5,2990,1120,0,1,0,9,0,0,58,44,14
252,26.12923,229896.17153625295,609.8041685311749,377,0.5250696378830083,31.053580148783187,21.03441976095064,92.16946416071552,0.5649867374005305,4.080937569895901,0.2346734711028625,0.8364436156300884,23.808305607051107,affine,left_right_consistency,118,0.1582287334554371,0.08239399225193442,False,False,,,False,0,0,5,2990,1120,0,1,0,9,0,0,58,44,14
253,26.23299,250994.32220534654,758.2910036415303,331,0.4610027855153203,37.789035030227346,26.475316605879357,109.89021919594128,0.48338368580060426,5.33997885113821,0.9969756107888049,0.5234326141407034,50.0,affine,left_right_consistency,63,0.856878781831102,1.7936791712719393,True,True,constant_velocity,motion_gate,True,1,0,5,2990,1120,0,1,0,9,0,0,58,44,14
254,26.33655,73996.21937217393,100.67512839751555,735,0.9386973180076629,11.189405326419507,5.371099676139522,41.84414346160461,0.8748299319727891,0.8576794386185024,0.3922743003357541,1.0244782423010175,-0.06470321794743916,affine,left_right_consistency,483,0.02421009308050589,0.0314378327119181,False,False,,,False,0,0,5,2990,1120,0,1,0,9,0,0,58,44,14
255,26.44034,141723.69543939419,223.89209390109667,633,0.8084291187739464,18.646224103631567,8.868652448995164,71.48023136222108,0.7725118483412322,1.7148771485991767,0.6475490515568578,1.004093636515799,3.466282639369171,affine,left_right_consistency,372,0.06315602724063987,0.028574848692655978,False,False,,,False,0,0,5,2990,1120,0,1,0,9,0,0,58,44,14
256,26.54405,202658.3033410885,394.2768547491994,514,0.6564495530012772,25.16548176419588,15.764791561598823,90.95171149997154,0.6614785992217899,2.5823976554409085,0.7695933858606857,1.0197546293919288,5.348995708030856,affine,left_right_consistency,277,0.04350463920778754,0.03315038998258706,False,False,,,False,0,0,5,2990,1120,0,1,0,9,0,0,58,44,14
257,26.64767,221617.827435956,475.57473698703,466,0.5951468710089399,29.801822389233653,14.528535375505953,118.74831399988003,0.628755364806867,3.4055118398725086,0.7599375828293318,1.0064262131730788,6.150522515343834,affine,left_right_consistency,202,0.05266717523051556,0.07128297377252818,False,False,,,False,0,0,5,2990,1120,0,1,0,9,0,0,58,44,14
258,26.75126,261894.1458090274,595.2139677477895,440,0.561941251596424,44.401972870277774,29.7374826562762,129.50664576978923,0.46136363636363636,3.752510331044937,1.8318029134821898,0.5459752799088605,28.03882096696438,affine,left_right_consistency,114,0.27339268249290116,1.2047450124179397,False,False,,,False,0,0,5,2990,1120,0,1,0,9,0,0,58,44,14
259,26.85488,283275.5696509101,823.4754931712503,344,0.4393358876117497,44.689004631736616,28.97020056756363,123.92966274953662,0.4476744186046512,5.143527708246863,1.0086252822196213,0.8947845532946865,16.766484478938594,affine,left_right_consistency,115,0.418491971479538,0.19104958834253408,True,True,lk_pnp,motion_gate,True,1,0,5,2990,1120,0,1,0,9,0,0,58,44,14
260,26.9585,83292.99831298,114.41345922112636,728,0.9215189873417722,11.940627772528204,5.075086475135816,41.696440096328985,0.8612637362637363,0.864034503388291,0.09043085395646136,1.016857587415295,0.03964725483552863,affine,left_right_consistency,437,0.004941724613717018,0.02185309431715862,False,False,,,False,0,0,5,2990,1120,0,1,0,9,0,0,58,44,14
261,27.06223,131569.29888779472,200.86915860732017,655,0.8291139240506329,16.61599750194457,9.667751485070255,57.24202972886566,0.7969465648854962,1.7375232741280249,0.3016022375959622,1.0321875792744952,2.731481516247432,affine,left_right_consistency,324,0.004781120146150063,0.0421004926825318,False,False,,,False,0,0,5,2990,1120,0,1,0,9,0,0,58,44,14
262,27.16587,188203.17998778285,336.67831840390494,559,0.7075949367088608,23.03962308835713,11.883532446764974,77.80530592539735,0.6779964221824687,2.609405322576289,0.6730441861977399,1.0614395935262289,3.9937284619335354,affine,left_right_consistency,246,0.032962880942327404,0.07673351517884412,False,False,,,False,0,0,5,2990,1120,0,1,0,9,0,0,58,44,14
263,27.26947,225277.95348028024,498.4025519475226,452,0.5721518987341773,26.551691218598037,15.062840234980179,93.99690915372267,0.668141592920354,3.4938735055356442,1.0158405262862562,1.028984635001205,7.208544064215859,affine,left_right_consistency,204,0.016066618629456325,0.055978305715310185,False,False,,,False,0,0,5,2990,1120,0,1,0,9,0,0,58,44,14
264,27.37323,250281.75355230315,608.9580378401537,411,0.520253164556962,31.827574497101715,19.5436633213734,109.99723014517178,0.5766423357664233,4.35236674902126,0.7486483621463789,1.0132752104540443,10.12274704464025,affine,left_right_consistency,177,0.015411502017392898,0.06580898661411035,False,False,,,True,0,0,5,2995,1120,0,1,0,10,0,0,58,44,14
265,27.47687,87591.03527042994,124.59606724100988,703,0.903598971722365,12.020150975424027,6.507925838716034,40.197384425831906,0.871977240398293,0.8386010858780598,0.9318217597589804,1.0220590844704192,1.4172864852029519,affine,left_right_consistency,471,0.019781715473800306,0.021000243992931537,False,False,,,True,0,0,5,2998,1120,0,1,0,11,0,0,59,44,15
266,27.58044,93558.74499875291,138.19607828471626,677,0.9402777777777778,18.505695175701618,8.93618507047475,63.40788888283117,0.8005908419497785,0.8388568874722846,0.5703536774893742,1.0196879184991614,-0.11694700686918091,affine,left_right_consistency,498,0.011722401601028786,0.02280679290330158,False,False,,,False,0,0,5,2998,1120,0,1,0,11,0,0,59,44,15
267,27.68407,148334.1902089705,252.69879081596338,587,0.8152777777777778,26.610922214301194,13.262386106743037,97.74394012005094,0.7189097103918228,1.693688990369916,0.32621871534779423,0.997364332485336,4.181719844668343,affine,left_right_consistency,367,0.02390672861450878,0.025214068470823043,False,False,,,False,0,0,5,2998,1120,0,1,0,11,0,0,59,44,15
268,27.7877,192237.62391577102,385.2457393101624,499,0.6930555555555555,31.190525568741286,17.491492317572806,118.20601332117033,0.5971943887775552,2.5631010016372553,1.2916576355159775,0.9645052670533464,12.382671119768444,affine,left_right_consistency,256,0.05100764136451401,0.07271557021417804,False,False,,,True,0,0,5,2998,1120,0,1,0,12,0,0,59,44,15
269,27.89128,108917.99109918142,165.02725924118397,660,0.8718626155878467,15.155896834632616,8.891809513843079,47.67355723194254,0.8136363636363636,0.8598893904198928,0.871867997226111,1.005063510257342,1.6951905384484123,affine,left_right_consistency,460,0.009954912141657685,0.026889273047690187,False,False,,,False,0,0,5,2998,1120,0,1,0,12,0,0,59,44,15
270,27.9951,173857.63746959832,308.8057503900503,563,0.7437252311756936,22.874201711873514,15.472599190480253,78.7799746270561,0.7051509769094139,1.6939275028811192,0.599766819833289,1.0037826831467027,3.3650822294789107,affine,left_right_consistency,338,0.021911777508823425,0.05766954581356185,False,False,,,False,0,0,5,2998,1120,0,1,0,12,0,0,59,44,15
271,28.09865,230263.30546221117,488.88175257369676,471,0.6221928665785997,36.222650345937524,21.997086984818594,105.72498993872975,0.5414012738853503,2.5574520931771927,0.6771026308079336,0.9137672602075273,2.1720282288080215,affine,left_right_consistency,261,0.038820682079892255,0.047960449995666087,False,False,,,False,0,0,5,2998,1120,0,1,0,12,0,0,59,44,15
272,28.20228,241173.38720538229,586.7965625435093,411,0.5429326287978864,35.49111432963523,21.759985258181132,114.5233686163419,0.5474452554744526,3.3237244136976805,0.9754933112188414,0.9773440624521584,7.376818107187832,affine,left_right_consistency,193,0.03686112089232355,0.03033223334146254,False,False,,,False,0,0,5,2998,1120,0,1,0,12,0,0,59,44,15
273,28.30587,263023.5043004435,683.1779332479052,385,0.5085865257595773,40.71269368761232,29.174778363325174,107.30523846108028,0.44935064935064933,4.063584007564774,1.3580533030504323,0.6590373900945549,31.32186419283959,affine,left_right_consistency,176,0.30820655031924094,0.38860456529374815,False,False,,,True,0,0,5,3000,1120,0,1,0,12,0,0,60,44,16
274,28.40963,81199.92894867025,109.87811765719925,739,0.9330808080808081,11.770043054766608,5.570152703706775,42.00024835963744,0.8660351826792964,0.8325481900658576,0.1936851637456094,0.9757120287978941,1.258466918026623,affine,left_right_consistency,524,0.008949680909728315,0.02610116032279446,False,False,,,False,0,0,5,3000,1120,0,1,0,12,0,0,60,44,16
275,28.51323,138809.39006651082,212.57180714626466,653,0.8244949494949495,17.81912525646828,10.760817101723603,58.19252375998805,0.7718223583460949,1.66863839003388,0.3752201621786085,0.9260199713467604,3.4917419890119255,affine,left_right_consistency,415,0.021921167482136194,0.040578981257530226,False,False,,,False,0,0,5,3000,1120,0,1,0,12,0,0,60,44,16
276,28.61684,153270.84519755293,299.9429455920801,511,0.6452020202020202,35.552016351583596,24.951295150297298,99.69382218238002,0.5009784735812133,2.4882649684669076,0.6798917993946068,0.9347274555396571,-0.5102386192201699,affine,left_right_consistency,337,0.02514976152918445,0.027949678291959115,True,True,lk_pnp,photometric_optimization_failed,True,1,0,5,3000,1120,0,1,0,12,0,0,60,44,16
277,28.72228,94905.17488597748,136.94830430876982,693,0.927710843373494,16.443383383407507,6.69018287191048,58.33292040020739,0.7936507936507936,0.8224622801535886,0.3557577722803712,0.9687691844772,0.5201389875232556,affine,left_right_consistency,487,0.013516118887078753,0.018368346831412367,False,False,,,False,0,0,5,3000,1120,0,1,0,12,0,0,60,44,16
278,28.82422,147887.65246677047,243.2362705045567,608,0.8139223560910308,22.198012170190026,12.254289795041629,74.19682837161908,0.7055921052631579,1.647917784377967,0.72396715824485,0.9053276172472129,5.254374453075147,affine,left_right_consistency,351,0.011729024052857652,0.013182824989547681,False,False,,,False,0,0,5,3000,1120,0,1,0,12,0,0,60,44,16
279,28.92794,199742.43577151556,391.65183484610895,510,0.6827309236947792,27.274794788487696,20.114845463583805,78.6008736737656,0.596078431372549,2.472659933451715,0.8735173018852261,0.837748867019559,11.451138525505801,affine,left_right_consistency,262,0.013895340153500128,0.044808650748748555,False,False,,,False,0,0,5,3000,1120,0,1,0,12,0,0,60,44,16
280,29.03156,213347.4836296229,457.82721808931956,466,0.6238286479250335,32.05481041640464,16.611530257842773,106.74203831650158,0.6158798283261803,3.266192857870253,1.0136457906648142,0.7502659245423712,20.17795794253416,affine,left_right_consistency,182,0.07169995125947674,0.16573622841007143,False,False,,,False,0,0,5,3000,1120,0,1,0,12,0,0,60,44,16
281,29.1353,235003.9434325714,556.8813825416383,422,0.5649263721552878,35.91468524068103,22.19955477862083,110.97363449782748,0.54739336492891,4.0844271927499625,1.0036365424648381,0.8060072088222595,13.797655617140805,affine,left_right_consistency,111,0.22050200525454772,0.15966713426969228,False,False,,,True,0,0,5,3000,1120,0,1,0,12,0,0,60,44,16
282,29.23891,116087.22607881497,165.60231965594147,701,0.9272486772486772,21.157674532825173,10.877317575413336,72.02226423854165,0.7360912981455064,0.8105846393482646,0.27866886690602466,1.0093223904024218,1.0325470409052557,affine,left_right_consistency,487,0.006973079522555932,0.01363337414114149,False,False,,,False,0,0,5,3000,1120,0,1,0,12,0,0,60,44,16
283,29.34253,182880.5264805084,315.31125255260065,580,0.7671957671957672,29.918943406885493,16.3362453483825,105.17806300912402,0.6224137931034482,1.6170405862948691,0.7696820721421801,0.9425337614489954,14.492918281126176,affine,left_right_consistency,306,0.008483494549841361,0.04584308394546936,False,False,,,False,0,0,5,3000,1120,0,1,0,12,0,0,60,44,16
284,29.44614,221559.2724608482,429.3784350016438,516,0.6825396825396826,37.66630881950282,23.50360945456862,134.07866083475244,0.5232558139534884,2.4185266520049202,1.2254688439439585,0.8142388016269418,34.8079977978567,affine,left_right_consistency,269,0.05435419638701949,0.10739119349496186,False,False,,,True,0,0,5,2924,1196,0,1,0,12,0,0,61,45,16
285,29.54976,129903.7282191548,196.2291967056719,662,0.8779840848806366,21.886020066264045,10.464168560322832,81.81446032377258,0.7280966767371602,0.8077791232808339,0.4958807175436974,0.9667594535963885,6.340799656693574,affine,left_right_consistency,451,0.013264838298691857,0.026620539720594798,False,False,,,False,0,0,5,2924,1196,0,1,0,12,0,0,61,45,16
286,29.65342,184682.61106467136,353.79810548787617,522,0.6923076923076923,24.370939594721325,13.624941977537603,87.2484288261449,0.685823754789272,1.6195851537865744,1.1011323016046448,0.9256543314741427,12.472939852430253,affine,left_right_consistency,350,0.016835318071729246,0.05246637340449082,False,False,,,True,0,0,5,2932,1196,0,1,0,12,0,0,61,45,16
287,29.75712,103398.37864965084,160.30756379790827,645,0.8739837398373984,15.105891074162779,9.356137545513704,53.64114620656237,0.862015503875969,0.8218873219953602,0.5879594726063365,0.9014297435726764,6.649124930137951,affine,left_right_consistency,433,0.018443337432197972,0.051531678891017535,False,False,,,False,0,0,5,2932,1196,0,1,0,12,0,0,61,45,16
288,29.86088,158473.11151532645,304.7559836833201,520,0.7046070460704607,17.378987279529376,11.399742765532665,57.431930908797035,0.8,1.6341624831352677,0.887288741607087,0.8368115786784381,9.320661326853985,affine,left_right_consistency,339,0.022516783508779104,0.03790894945965034,False,False,,,False,0,0,5,2932,1196,0,1,0,12,0,0,61,45,16
289,29.96462,186771.36290149647,391.55421991927983,477,0.6463414634146342,21.533034199378488,12.381111307218688,70.41119169421292,0.6960167714884696,2.443657397931825,0.9703087896165176,0.8461830460144293,7.5477755267708915,affine,left_right_consistency,273,0.02243552208359776,0.05244953261304385,False,False,,,True,0,0,5,2901,1245,0,1,0,12,0,0,62,46,16
290,30.06821,91670.86306340212,131.3336147040145,698,0.8983268983268984,12.487125861535468,7.573343284831246,40.38007115242061,0.8538681948424068,0.7835368792139019,0.7465439926035592,1.018271108869135,-0.3270230160903407,affine,left_right_consistency,512,0.0029360945396041363,0.011607475160936784,False,False,,,False,0,0,5,2901,1245,0,1,0,12,0,0,62,46,16
291,30.172,139940.9055162069,218.65766486907327,640,0.8236808236808236,19.115568698616876,11.001390939684711,70.11051014210904,0.78125,1.5708315255590575,1.272043832069779,0.9984291046108011,4.296934130294611,affine,left_right_consistency,377,0.014104767709152442,0.021934499187184698,False,False,,,True,0,0,5,2944,1245,0,1,0,13,0,0,62,46,16
292,30.2757,69542.72022391176,90.9055166325644,765,0.9659090909090909,11.774231783094624,6.083428778079806,45.68650697058514,0.8679738562091504,0.8174817982641784,0.40135718949055693,1.013416680459699,0.8174747610482832,affine,left_right_consistency,518,0.005620204669068045,0.03284315350345772,False,False,,,False,0,0,5,2944,1245,0,1,0,13,0,0,62,46,16
293,30.37931,116139.24803908628,172.0581452430908,675,0.8522727272727273,14.544777826197908,7.649756320985816,48.46469073661047,0.8192592592592592,1.6302703736752873,0.9480685718648112,0.982623121318944,5.905361559705711,affine,left_right_consistency,342,0.011891667091912597,0.04897208626217487,False,False,,,True,0,0,5,2957,1282,0,1,0,14,0,0,63,47,16
294,30.48305,77866.63582782366,107.55060197213213,724,0.9246487867177522,10.91674699258896,5.9711810969227415,37.14363263110702,0.8687845303867403,0.8114590002092988,0.5729332795942975,0.9947252079085553,0.8226268333378426,affine,left_right_consistency,506,0.009993812716748167,0.021743338286250684,False,False,,,False,0,0,5,2957,1282,0,1,0,14,0,0,63,47,16
295,30.58667,148606.61365864697,244.01742801091456,609,0.7777777777777778,16.84118750646165,9.679289208014076,56.14045994742873,0.7816091954022989,1.6154764830329718,1.2137713619938943,0.9779831031820483,5.526407159852606,affine,left_right_consistency,400,0.027223135254634864,0.05033162729138321,False,False,,,True,0,0,5,2974,1282,0,1,0,15,0,0,63,47,16
296,30.6904,70519.15249212869,94.65658052634724,745,0.9514687100893997,11.061962118584258,6.153812253971239,38.08096309030285,0.8657718120805369,0.8198839673329809,0.533197248266774,1.0104516534460846,0.7799423198830091,affine,left_right_consistency,544,0.011722722245266453,0.026319186217491727,False,False,,,False,0,0,5,2974,1282,0,1,0,15,0,0,63,47,16
297,30.79405,137781.79986734825,214.2796265433099,643,0.8212005108556832,17.39485641675336,9.795380513648482,60.99672414531072,0.7698289269051322,1.6509507365749145,0.9792215131838811,0.9842392236952101,5.509010605478838,affine,left_right_consistency,404,0.010227710421927143,0.02875812336350274,False,False,,,True,0,0,5,2994,1282,0,1,0,16,0,0,64,47,17
298,30.89764,78394.2850089838,106.22531844035746,738,0.9498069498069498,12.965379014662544,6.755806115448529,46.1543007775528,0.8563685636856369,0.8268468314565935,0.6496172084977964,1.0047111244920095,1.0159475249272418,affine,left_right_consistency,486,0.00466321866149228,0.03321565804329303,False,False,,,False,0,0,5,2994,1282,0,1,0,16,0,0,64,47,17
299,31.00138,157912.39709905832,261.8779388044085,603,0.7760617760617761,20.26438725589326,13.204098461503676,71.07031781902865,0.7313432835820896,1.654047025188481,1.2721297450953113,0.9590033590175792,6.979273856198449,affine,left_right_consistency,306,0.050904794329327506,0.0988215865859038,False,False,,,True,0,0,5,2998,1282,0,1,0,17,0,0,64,47,17
